-- MySQL dump 10.13  Distrib 5.7.17, for osx10.11 (x86_64)
--
-- Host: localhost    Database: aoehd
-- ------------------------------------------------------
-- Server version	5.7.17

/*!40101 SET @OLD_CHARACTER_SET_CLIENT=@@CHARACTER_SET_CLIENT */;
/*!40101 SET @OLD_CHARACTER_SET_RESULTS=@@CHARACTER_SET_RESULTS */;
/*!40101 SET @OLD_COLLATION_CONNECTION=@@COLLATION_CONNECTION */;
/*!40101 SET NAMES utf8 */;
/*!40103 SET @OLD_TIME_ZONE=@@TIME_ZONE */;
/*!40103 SET TIME_ZONE='+00:00' */;
/*!40014 SET @OLD_UNIQUE_CHECKS=@@UNIQUE_CHECKS, UNIQUE_CHECKS=0 */;
/*!40014 SET @OLD_FOREIGN_KEY_CHECKS=@@FOREIGN_KEY_CHECKS, FOREIGN_KEY_CHECKS=0 */;
/*!40101 SET @OLD_SQL_MODE=@@SQL_MODE, SQL_MODE='NO_AUTO_VALUE_ON_ZERO' */;
/*!40111 SET @OLD_SQL_NOTES=@@SQL_NOTES, SQL_NOTES=0 */;

--
-- Table structure for table `ar_internal_metadata`
--

DROP TABLE IF EXISTS `ar_internal_metadata`;
/*!40101 SET @saved_cs_client     = @@character_set_client */;
/*!40101 SET character_set_client = utf8 */;
CREATE TABLE `ar_internal_metadata` (
  `key` varchar(255) CHARACTER SET utf8 COLLATE utf8_unicode_ci NOT NULL,
  `value` varchar(255) COLLATE utf8mb4_unicode_ci DEFAULT NULL,
  `created_at` datetime NOT NULL,
  `updated_at` datetime NOT NULL,
  PRIMARY KEY (`key`)
) ENGINE=InnoDB DEFAULT CHARSET=utf8mb4 COLLATE=utf8mb4_unicode_ci;
/*!40101 SET character_set_client = @saved_cs_client */;

--
-- Dumping data for table `ar_internal_metadata`
--

LOCK TABLES `ar_internal_metadata` WRITE;
/*!40000 ALTER TABLE `ar_internal_metadata` DISABLE KEYS */;
INSERT INTO `ar_internal_metadata` VALUES ('environment','development','2017-10-30 16:36:59','2017-10-30 16:36:59');
/*!40000 ALTER TABLE `ar_internal_metadata` ENABLE KEYS */;
UNLOCK TABLES;

--
-- Table structure for table `articles`
--

DROP TABLE IF EXISTS `articles`;
/*!40101 SET @saved_cs_client     = @@character_set_client */;
/*!40101 SET character_set_client = utf8 */;
CREATE TABLE `articles` (
  `id` bigint(20) NOT NULL AUTO_INCREMENT,
  `title` varchar(255) COLLATE utf8mb4_unicode_ci DEFAULT NULL,
  `url_slug` varchar(255) COLLATE utf8mb4_unicode_ci DEFAULT NULL,
  `article_type` int(11) DEFAULT NULL,
  `source` varchar(255) COLLATE utf8mb4_unicode_ci DEFAULT NULL,
  `publish` int(11) DEFAULT '0',
  `thumbnail` varchar(255) COLLATE utf8mb4_unicode_ci DEFAULT NULL,
  `first_macth_id` int(11) DEFAULT NULL,
  `created_at` datetime NOT NULL,
  `updated_at` datetime NOT NULL,
  PRIMARY KEY (`id`)
) ENGINE=InnoDB AUTO_INCREMENT=22 DEFAULT CHARSET=utf8mb4 COLLATE=utf8mb4_unicode_ci;
/*!40101 SET character_set_client = @saved_cs_client */;

--
-- Dumping data for table `articles`
--

LOCK TABLES `articles` WRITE;
/*!40000 ALTER TABLE `articles` DISABLE KEYS */;
INSERT INTO `articles` VALUES (1,'Video Meo Meo, Hoàng CN vs Truy Mệnh, 9x Công ngày 28/10/2017','video-meo-meo-hoang-cn-vs-truy-menh-9x-cong-ngay-28102017',NULL,'http://cohet.org/Meo-Meo-Hoang-CN-vs-Truy-Menh-9x-Cong-ngay-28-10-2017/video-tran/9733.html',0,'https://i1.ytimg.com/vi/jNBhYm9MJlg/mqdefault.jpg',21,'2017-10-30 16:37:11','2017-10-30 16:37:13'),(2,'Video Truy Mệnh, 9x Công vs Meo Meo, Hoàng CN ngày 28/10/2017','video-truy-menh-9x-cong-vs-meo-meo-hoang-cn-ngay-28102017',NULL,'http://cohet.org/Truy-Menh-9x-Cong-vs-Meo-Meo-Hoang-CN-ngay-28-10-2017/video-tran/9736.html',0,'https://i1.ytimg.com/vi/7bbDXE_KZxA/mqdefault.jpg',41,'2017-10-30 16:37:14','2017-10-30 16:37:16'),(3,'Video Hưng Nhổn, Tý vs VaneLove, Cam Quýt ngày 28/10/2017','video-hung-nhon-ty-vs-vanelove-cam-quyt-ngay-28102017',NULL,'http://cohet.org/Hung-Nhon-Ty-vs-VaneLove-Cam-Quyt-ngay-28-10-2017/video-tran/9734.html',0,'https://i1.ytimg.com/vi/sqXrmek6zcc/mqdefault.jpg',60,'2017-10-30 16:37:16','2017-10-30 16:37:19'),(4,'Video Vanelove, Cam Quýt vs Hưng Nhổn, Tý ngày 28/10/2017','video-vanelove-cam-quyt-vs-hung-nhon-ty-ngay-28102017',NULL,'http://cohet.org/Vanelove-Cam-Quyt-vs-Hung-Nhon-Ty-ngay-28-10-2017/video-tran/9735.html',0,'https://i1.ytimg.com/vi/Wq-hL-FdHsg/mqdefault.jpg',80,'2017-10-30 16:37:19','2017-10-30 16:37:21'),(5,'Video Đỗ Xuân Phương vs Lưu Xuân Khang - Chung kết giải đấu Esport SVMC ngày 28/10/2017','video-do-xuan-phuong-vs-luu-xuan-khang-chung-ket-giai-dau-esport-svmc-ngay-28102017',NULL,'http://cohet.org/Do-Xuan-Phuong-vs-Luu-Xuan-Khang-Chung-ket-giai-dau-Esport-SVMC-ngay-28-10-2017/video-tran/9737.html',0,'https://i1.ytimg.com/vi/DttJFLrfH98/mqdefault.jpg',85,'2017-10-30 16:37:21','2017-10-30 16:37:22'),(6,'Video Bí quyết ChimSeDiNang chơi AoE hay nhất Thế Giới','video-bi-quyet-chimsedinang-choi-aoe-hay-nhat-the-gioi',NULL,'http://cohet.org/Bi-quyet-ChimSeDiNang-choi-AoE-hay-nhat-The-Gioi/video-tran/9738.html',0,'https://i1.ytimg.com/vi/wZh2juuR-6g/mqdefault.jpg',86,'2017-10-30 16:37:22','2017-10-30 16:37:22'),(7,'Video Liên Quân CEO Huấn vs Liên Quân Bệ Đá Cổ ngày 28/10/2017','video-lien-quan-ceo-huan-vs-lien-quan-be-da-co-ngay-28102017',NULL,'http://cohet.org/Lien-Quan-CEO-Huan-vs-Lien-Quan-Be-Da-Co-ngay-28-10-2017/video-tran/9742.html',0,'https://i1.ytimg.com/vi/vM_hd_TJXB4/mqdefault.jpg',93,'2017-10-30 16:37:22','2017-10-30 16:37:23'),(8,'Video Tứ kết giải AoE Liên tỉnh khu vực Hà Nội ngày 29/10/2017','video-tu-ket-giai-aoe-lien-tinh-khu-vuc-ha-noi-ngay-29102017',NULL,'http://cohet.org/Tu-ket-giai-AoE-Lien-tinh-khu-vuc-Ha-Noi-ngay-29-10-2017/video-tran/9739.html',0,'https://i1.ytimg.com/vi/k-FFbcX_NXU/mqdefault.jpg',114,'2017-10-30 16:37:23','2017-10-30 16:37:25'),(9,'Video Bibi Club vs Thái Bình + Skyred ngày 29/10/2017','video-bibi-club-vs-thai-binh-skyred-ngay-29102017',NULL,'http://cohet.org/Bibi-Club-vs-Thai-Binh-Skyred-ngay-29-10-2017/video-tran/9740.html',0,'https://i1.ytimg.com/vi/al4-bM_dO_M/mqdefault.jpg',121,'2017-10-30 16:37:25','2017-10-30 16:37:26'),(10,'Video Thái Bình + Skyred vs Bibi Club ngày 29/10/2017','video-thai-binh-skyred-vs-bibi-club-ngay-29102017',NULL,'http://cohet.org/Thai-Binh-Skyred-vs-Bibi-Club-ngay-29-10-2017/video-tran/9743.html',0,'https://i1.ytimg.com/vi/ez8brlTkm-8/mqdefault.jpg',128,'2017-10-30 16:37:26','2017-10-30 16:37:27'),(11,'Video Bán kết giải AoE Liên tỉnh khu vực Hà Nội ngày 29/10/2017','video-ban-ket-giai-aoe-lien-tinh-khu-vuc-ha-noi-ngay-29102017',NULL,'http://cohet.org/Ban-ket-giai-AoE-Lien-tinh-khu-vuc-Ha-Noi-ngay-29-10-2017/video-tran/9741.html',0,'https://i1.ytimg.com/vi/f495WeSaypI/mqdefault.jpg',140,'2017-10-30 16:37:27','2017-10-30 16:37:28'),(12,'Video Lê Văn Long vs Nguyễn Quang Huy - Chung kết giải AoE Liên tỉnh khu vực Hà Nội ngày 29/10/2017','video-le-van-long-vs-nguyen-quang-huy-chung-ket-giai-aoe-lien-tinh-khu-vuc-ha-noi-ngay-29102017',NULL,'http://cohet.org/Le-Van-Long-vs-Nguyen-Quang-Huy-Chung-ket-AoE-Lien-tinh-khu-vuc-Ha-Noi-ngay-29-10-2017/video-tran/9744.html',0,'https://i1.ytimg.com/vi/D4vVJbSZBzQ/mqdefault.jpg',161,'2017-10-30 16:37:28','2017-10-30 16:37:32'),(13,'Video Bibi Club + Vane_Love vs Thái Bình + Skyred ngày 29/10/2017','video-bibi-club-vane-love-vs-thai-binh-skyred-ngay-29102017',NULL,'http://cohet.org/Bibi-Club-Vane_Love-vs-Thai-Binh-Skyred-ngay-29-10-2017/video-tran/9745.html',0,'https://i1.ytimg.com/vi/Ze047zX3Fpc/mqdefault.jpg',175,'2017-10-30 16:37:32','2017-10-30 16:37:34'),(14,'Video Thái Bình + Skyred vs Bibi Club + Vane_Love ngày 29/10/2017','video-thai-binh-skyred-vs-bibi-club-vane-love-ngay-29102017',NULL,'http://cohet.org/Thai-Binh-Skyred-vs-Bibi-Club-Vane_Love-ngay-29-10-2017/video-tran/9746.html',0,'https://i1.ytimg.com/vi/ez8brlTkm-8/mqdefault.jpg',187,'2017-10-30 16:37:35','2017-10-30 16:37:36'),(15,'Video Chim Sẻ bị Lê Văn Long phế truất ngôi vị người điều K hay nhất Việt Nam','video-chim-se-bi-le-van-long-phe-truat-ngoi-vi-nguoi-dieu-k-hay-nhat-viet-nam',NULL,'http://cohet.org/Chim-Se-bi-Le-Van-Long-phe-truat-ngoi-vi-nguoi-dieu-K-hay-nhat-Viet-Nam/video-tran/9747.html',0,'https://i1.ytimg.com/vi/doSSzjg8iyY/mqdefault.jpg',188,'2017-10-30 16:37:36','2017-10-30 16:37:36'),(16,'Video Hehe, Meo Meo vs Vane_Love, Tễu ngày 29/10/2017','video-hehe-meo-meo-vs-vane-love-teu-ngay-29102017',NULL,'http://cohet.org/Hehe-Meo-Meo-vs-Vane_Love-Teu-ngay-29-10-2017/video-tran/9748.html',0,'https://i1.ytimg.com/vi/rHlcz7mlOiA/mqdefault.jpg',207,'2017-10-30 16:37:36','2017-10-30 16:38:15'),(17,'Video Vane_Love, Tễu vs Hehe, Meo Meo ngày 29/10/2017','video-vane-love-teu-vs-hehe-meo-meo-ngay-29102017',NULL,'http://cohet.org/Vane_Love-Teu-vs-Hehe-Meo-Meo-ngay-29-10-2017/video-tran/9749.html',0,'https://i1.ytimg.com/vi/rf_bziq6JDQ/mqdefault.jpg',234,'2017-10-30 16:38:15','2017-10-30 16:38:18'),(18,'Video Thái Bình + Skyred vs Bibi Club ngày 30/10/2017','video-thai-binh-skyred-vs-bibi-club-ngay-30102017',NULL,'http://cohet.org/Thai-Binh-Skyred-vs-Bibi-Club-ngay-30-10-2017/video-tran/9753.html',0,'https://i1.ytimg.com/vi/-EnW3O12dY4/mqdefault.jpg',254,'2017-10-30 16:38:18','2017-10-30 16:38:21'),(19,'Video Bibi Club vs Thái Bình + Skyred ngày 30/10/2017','video-bibi-club-vs-thai-binh-skyred-ngay-30102017',NULL,'http://cohet.org/Bibi-Club-vs-Thai-Binh-Skyred-ngay-30-10-2017/video-tran/9752.html',0,'https://i1.ytimg.com/vi/NLtiPgbTjWw/mqdefault.jpg',274,'2017-10-30 16:38:21','2017-10-30 16:38:23'),(20,'Video Hà Nội vs GameTV ngày 30/10/2017','video-ha-noi-vs-gametv-ngay-30102017',NULL,'http://cohet.org/Ha-Noi-vs-GameTV-ngay-30-10-2017/video-tran/9750.html',0,'https://i1.ytimg.com/vi/Aehc6cwb45c/mqdefault.jpg',295,'2017-10-30 16:38:23','2017-10-30 16:38:26'),(21,'Video GameTV vs Hà Nội ngày 30/10/2017','video-gametv-vs-ha-noi-ngay-30102017',NULL,'http://cohet.org/GameTV-vs-Ha-Noi-ngay-30-10-2017/video-tran/9751.html',0,'https://i1.ytimg.com/vi/eApLP9XIlL8/mqdefault.jpg',316,'2017-10-30 16:38:26','2017-10-30 16:38:29');
/*!40000 ALTER TABLE `articles` ENABLE KEYS */;
UNLOCK TABLES;

--
-- Table structure for table `games`
--

DROP TABLE IF EXISTS `games`;
/*!40101 SET @saved_cs_client     = @@character_set_client */;
/*!40101 SET character_set_client = utf8 */;
CREATE TABLE `games` (
  `id` bigint(20) NOT NULL AUTO_INCREMENT,
  `name` varchar(255) COLLATE utf8mb4_unicode_ci DEFAULT NULL,
  `c_num` int(11) DEFAULT NULL,
  `article_id` bigint(20) DEFAULT NULL,
  `created_at` datetime NOT NULL,
  `updated_at` datetime NOT NULL,
  PRIMARY KEY (`id`),
  KEY `index_games_on_article_id` (`article_id`),
  CONSTRAINT `fk_rails_51b2b53490` FOREIGN KEY (`article_id`) REFERENCES `articles` (`id`)
) ENGINE=InnoDB AUTO_INCREMENT=63 DEFAULT CHARSET=utf8mb4 COLLATE=utf8mb4_unicode_ci;
/*!40101 SET character_set_client = @saved_cs_client */;

--
-- Dumping data for table `games`
--

LOCK TABLES `games` WRITE;
/*!40000 ALTER TABLE `games` DISABLE KEYS */;
INSERT INTO `games` VALUES (1,NULL,5,1,'2017-10-30 16:37:11','2017-10-30 16:37:11'),(2,NULL,4,1,'2017-10-30 16:37:12','2017-10-30 16:37:12'),(3,NULL,3,1,'2017-10-30 16:37:12','2017-10-30 16:37:12'),(4,NULL,2,1,'2017-10-30 16:37:12','2017-10-30 16:37:12'),(5,NULL,1,1,'2017-10-30 16:37:13','2017-10-30 16:37:13'),(6,NULL,5,2,'2017-10-30 16:37:14','2017-10-30 16:37:14'),(7,NULL,4,2,'2017-10-30 16:37:14','2017-10-30 16:37:14'),(8,NULL,3,2,'2017-10-30 16:37:14','2017-10-30 16:37:14'),(9,NULL,2,2,'2017-10-30 16:37:15','2017-10-30 16:37:15'),(10,NULL,1,2,'2017-10-30 16:37:15','2017-10-30 16:37:15'),(11,NULL,5,3,'2017-10-30 16:37:16','2017-10-30 16:37:16'),(12,NULL,4,3,'2017-10-30 16:37:17','2017-10-30 16:37:17'),(13,NULL,3,3,'2017-10-30 16:37:17','2017-10-30 16:37:17'),(14,NULL,2,3,'2017-10-30 16:37:18','2017-10-30 16:37:18'),(15,NULL,1,3,'2017-10-30 16:37:18','2017-10-30 16:37:18'),(16,NULL,5,4,'2017-10-30 16:37:19','2017-10-30 16:37:19'),(17,NULL,4,4,'2017-10-30 16:37:19','2017-10-30 16:37:19'),(18,NULL,3,4,'2017-10-30 16:37:20','2017-10-30 16:37:20'),(19,NULL,2,4,'2017-10-30 16:37:20','2017-10-30 16:37:20'),(20,NULL,1,4,'2017-10-30 16:37:21','2017-10-30 16:37:21'),(21,NULL,2,7,'2017-10-30 16:37:22','2017-10-30 16:37:22'),(22,NULL,1,7,'2017-10-30 16:37:23','2017-10-30 16:37:23'),(23,NULL,2,9,'2017-10-30 16:37:25','2017-10-30 16:37:25'),(24,NULL,1,9,'2017-10-30 16:37:26','2017-10-30 16:37:26'),(25,NULL,2,10,'2017-10-30 16:37:26','2017-10-30 16:37:26'),(26,NULL,1,10,'2017-10-30 16:37:27','2017-10-30 16:37:27'),(27,NULL,3,13,'2017-10-30 16:37:32','2017-10-30 16:37:32'),(28,NULL,2,13,'2017-10-30 16:37:33','2017-10-30 16:37:33'),(29,NULL,1,13,'2017-10-30 16:37:34','2017-10-30 16:37:34'),(30,NULL,3,14,'2017-10-30 16:37:35','2017-10-30 16:37:35'),(31,NULL,2,14,'2017-10-30 16:37:35','2017-10-30 16:37:35'),(32,NULL,1,14,'2017-10-30 16:37:35','2017-10-30 16:37:35'),(33,NULL,5,16,'2017-10-30 16:37:36','2017-10-30 16:37:36'),(34,NULL,4,16,'2017-10-30 16:38:12','2017-10-30 16:38:12'),(35,NULL,3,16,'2017-10-30 16:38:13','2017-10-30 16:38:13'),(36,NULL,2,16,'2017-10-30 16:38:14','2017-10-30 16:38:14'),(37,NULL,1,16,'2017-10-30 16:38:15','2017-10-30 16:38:15'),(38,NULL,5,17,'2017-10-30 16:38:16','2017-10-30 16:38:16'),(39,NULL,4,17,'2017-10-30 16:38:16','2017-10-30 16:38:16'),(40,NULL,3,17,'2017-10-30 16:38:17','2017-10-30 16:38:17'),(41,NULL,2,17,'2017-10-30 16:38:17','2017-10-30 16:38:17'),(42,NULL,1,17,'2017-10-30 16:38:18','2017-10-30 16:38:18'),(43,NULL,5,18,'2017-10-30 16:38:18','2017-10-30 16:38:18'),(44,NULL,4,18,'2017-10-30 16:38:19','2017-10-30 16:38:19'),(45,NULL,3,18,'2017-10-30 16:38:19','2017-10-30 16:38:19'),(46,NULL,2,18,'2017-10-30 16:38:20','2017-10-30 16:38:20'),(47,NULL,1,18,'2017-10-30 16:38:20','2017-10-30 16:38:20'),(48,NULL,5,19,'2017-10-30 16:38:21','2017-10-30 16:38:21'),(49,NULL,4,19,'2017-10-30 16:38:21','2017-10-30 16:38:21'),(50,NULL,3,19,'2017-10-30 16:38:22','2017-10-30 16:38:22'),(51,NULL,2,19,'2017-10-30 16:38:22','2017-10-30 16:38:22'),(52,NULL,1,19,'2017-10-30 16:38:23','2017-10-30 16:38:23'),(53,NULL,5,20,'2017-10-30 16:38:23','2017-10-30 16:38:23'),(54,NULL,4,20,'2017-10-30 16:38:24','2017-10-30 16:38:24'),(55,NULL,3,20,'2017-10-30 16:38:25','2017-10-30 16:38:25'),(56,NULL,2,20,'2017-10-30 16:38:25','2017-10-30 16:38:25'),(57,NULL,1,20,'2017-10-30 16:38:26','2017-10-30 16:38:26'),(58,NULL,5,21,'2017-10-30 16:38:26','2017-10-30 16:38:26'),(59,NULL,4,21,'2017-10-30 16:38:27','2017-10-30 16:38:27'),(60,NULL,3,21,'2017-10-30 16:38:27','2017-10-30 16:38:27'),(61,NULL,2,21,'2017-10-30 16:38:28','2017-10-30 16:38:28'),(62,NULL,1,21,'2017-10-30 16:38:29','2017-10-30 16:38:29');
/*!40000 ALTER TABLE `games` ENABLE KEYS */;
UNLOCK TABLES;

--
-- Table structure for table `macths`
--

DROP TABLE IF EXISTS `macths`;
/*!40101 SET @saved_cs_client     = @@character_set_client */;
/*!40101 SET character_set_client = utf8 */;
CREATE TABLE `macths` (
  `id` bigint(20) NOT NULL AUTO_INCREMENT,
  `title` varchar(255) COLLATE utf8mb4_unicode_ci DEFAULT NULL,
  `youtube_url` varchar(255) COLLATE utf8mb4_unicode_ci DEFAULT NULL,
  `macthable_type` varchar(255) COLLATE utf8mb4_unicode_ci DEFAULT NULL,
  `macthable_id` bigint(20) DEFAULT NULL,
  `sort_no` int(11) DEFAULT '0',
  `created_at` datetime NOT NULL,
  `updated_at` datetime NOT NULL,
  PRIMARY KEY (`id`),
  KEY `index_macths_on_macthable_type_and_macthable_id` (`macthable_type`,`macthable_id`)
) ENGINE=InnoDB AUTO_INCREMENT=317 DEFAULT CHARSET=utf8mb4 COLLATE=utf8mb4_unicode_ci;
/*!40101 SET character_set_client = @saved_cs_client */;

--
-- Dumping data for table `macths`
--

LOCK TABLES `macths` WRITE;
/*!40000 ALTER TABLE `macths` DISABLE KEYS */;
INSERT INTO `macths` VALUES (1,'Meo Meo, Hoàng CN vs Truy Mệnh, 9x Công C5.3','https://www.youtube.com/embed/WhHQuF9jH0A?theme=light&autoplay=1&vq=hd720&version=3&hl=vi_VN&rel=0&showinfo=0','Game',1,3,'2017-10-30 16:37:11','2017-10-30 16:37:11'),(2,'Meo Meo, Hoàng CN vs Truy Mệnh, 9x Công  C5.2','https://www.youtube.com/embed/8rnZTrPOfl8?theme=light&autoplay=1&vq=hd720&version=3&hl=vi_VN&rel=0&showinfo=0','Game',1,2,'2017-10-30 16:37:11','2017-10-30 16:37:11'),(3,'Meo Meo, Hoàng CN vs Truy Mệnh, 9x Công  C5.1','https://www.youtube.com/embed/h1-I5ZmLnAc?theme=light&autoplay=1&vq=hd720&version=3&hl=vi_VN&rel=0&showinfo=0','Game',1,1,'2017-10-30 16:37:11','2017-10-30 16:37:11'),(4,'Meo Meo, Hoàng CN vs Truy Mệnh, 9x Công  C4.3','https://www.youtube.com/embed/hmukmUwPnWw?theme=light&autoplay=1&vq=hd720&version=3&hl=vi_VN&rel=0&showinfo=0','Game',2,3,'2017-10-30 16:37:12','2017-10-30 16:37:12'),(5,'Meo Meo, Hoàng CN vs Truy Mệnh, 9x Công  C4.2','https://www.youtube.com/embed/DwOWwI7ZseI?theme=light&autoplay=1&vq=hd720&version=3&hl=vi_VN&rel=0&showinfo=0','Game',2,2,'2017-10-30 16:37:12','2017-10-30 16:37:12'),(6,'Meo Meo, Hoàng CN vs Truy Mệnh, 9x Công  C4.1','https://www.youtube.com/embed/AGn_kn5x0go?theme=light&autoplay=1&vq=hd720&version=3&hl=vi_VN&rel=0&showinfo=0','Game',2,1,'2017-10-30 16:37:12','2017-10-30 16:37:12'),(7,'Meo Meo, Hoàng CN vs Truy Mệnh, 9x Công  C3.5','https://www.youtube.com/embed/H-mtpon736k?theme=light&autoplay=1&vq=hd720&version=3&hl=vi_VN&rel=0&showinfo=0','Game',3,5,'2017-10-30 16:37:12','2017-10-30 16:37:12'),(8,'Meo Meo, Hoàng CN vs Truy Mệnh, 9x Công  C3.4','https://www.youtube.com/embed/2HBpKSc0raQ?theme=light&autoplay=1&vq=hd720&version=3&hl=vi_VN&rel=0&showinfo=0','Game',3,4,'2017-10-30 16:37:12','2017-10-30 16:37:12'),(9,'Meo Meo, Hoàng CN vs Truy Mệnh, 9x Công  C3.3','https://www.youtube.com/embed/Bn54tKu5NIU?theme=light&autoplay=1&vq=hd720&version=3&hl=vi_VN&rel=0&showinfo=0','Game',3,3,'2017-10-30 16:37:12','2017-10-30 16:37:12'),(10,'Meo Meo, Hoàng CN vs Truy Mệnh, 9x Công  C3.2','https://www.youtube.com/embed/SKVDM6ghwvI?theme=light&autoplay=1&vq=hd720&version=3&hl=vi_VN&rel=0&showinfo=0','Game',3,2,'2017-10-30 16:37:12','2017-10-30 16:37:12'),(11,'Meo Meo, Hoàng CN vs Truy Mệnh, 9x Công C3.1','https://www.youtube.com/embed/Eyqwj5gSsyQ?theme=light&autoplay=1&vq=hd720&version=3&hl=vi_VN&rel=0&showinfo=0','Game',3,1,'2017-10-30 16:37:12','2017-10-30 16:37:12'),(12,'Meo Meo, Hoàng CN vs Truy Mệnh, 9x Công C2.5','https://www.youtube.com/embed/56arsERdZ9Q?theme=light&autoplay=1&vq=hd720&version=3&hl=vi_VN&rel=0&showinfo=0','Game',4,5,'2017-10-30 16:37:12','2017-10-30 16:37:12'),(13,'Meo Meo, Hoàng CN vs Truy Mệnh, 9x Công C2.4','https://www.youtube.com/embed/Ki_V-LTfhMs?theme=light&autoplay=1&vq=hd720&version=3&hl=vi_VN&rel=0&showinfo=0','Game',4,4,'2017-10-30 16:37:13','2017-10-30 16:37:13'),(14,'Meo Meo, Hoàng CN vs Truy Mệnh, 9x Công C2.3','https://www.youtube.com/embed/muI23pp2VVA?theme=light&autoplay=1&vq=hd720&version=3&hl=vi_VN&rel=0&showinfo=0','Game',4,3,'2017-10-30 16:37:13','2017-10-30 16:37:13'),(15,'Meo Meo, Hoàng CN vs Truy Mệnh, 9x Công C2.2','https://www.youtube.com/embed/hc0cD7je46s?theme=light&autoplay=1&vq=hd720&version=3&hl=vi_VN&rel=0&showinfo=0','Game',4,2,'2017-10-30 16:37:13','2017-10-30 16:37:13'),(16,'Meo Meo, Hoàng CN vs Truy Mệnh, 9x Công C2.1','https://www.youtube.com/embed/wtmQcoSQ0V8?theme=light&autoplay=1&vq=hd720&version=3&hl=vi_VN&rel=0&showinfo=0','Game',4,1,'2017-10-30 16:37:13','2017-10-30 16:37:13'),(17,'Meo Meo, Hoàng CN vs Truy Mệnh, 9x Công C1.5','https://www.youtube.com/embed/GPdXgd6XYnc?theme=light&autoplay=1&vq=hd720&version=3&hl=vi_VN&rel=0&showinfo=0','Game',5,5,'2017-10-30 16:37:13','2017-10-30 16:37:13'),(18,'Meo Meo, Hoàng CN vs Truy Mệnh, 9x Công C1.4','https://www.youtube.com/embed/UwHOwgmVOr4?theme=light&autoplay=1&vq=hd720&version=3&hl=vi_VN&rel=0&showinfo=0','Game',5,4,'2017-10-30 16:37:13','2017-10-30 16:37:13'),(19,'Meo Meo, Hoàng CN vs Truy Mệnh, 9x Công C1.3','https://www.youtube.com/embed/oeTb0_ZJxa8?theme=light&autoplay=1&vq=hd720&version=3&hl=vi_VN&rel=0&showinfo=0','Game',5,3,'2017-10-30 16:37:13','2017-10-30 16:37:13'),(20,'Meo Meo, Hoàng CN vs Truy Mệnh, 9x Công  C1.2','https://www.youtube.com/embed/rT7H-7nb-3A?theme=light&autoplay=1&vq=hd720&version=3&hl=vi_VN&rel=0&showinfo=0','Game',5,2,'2017-10-30 16:37:13','2017-10-30 16:37:13'),(21,'Meo Meo, Hoàng CN vs Truy Mệnh, 9x Công  C1.1','https://www.youtube.com/embed/jNBhYm9MJlg?theme=light&autoplay=1&vq=hd720&version=3&hl=vi_VN&rel=0&showinfo=0','Game',5,1,'2017-10-30 16:37:13','2017-10-30 16:37:13'),(22,'Truy Mệnh, 9x Công vs Meo Meo, Hoàng CN C5.3','https://www.youtube.com/embed/iS089lWyHgI?theme=light&autoplay=1&vq=hd720&version=3&hl=vi_VN&rel=0&showinfo=0','Game',6,3,'2017-10-30 16:37:14','2017-10-30 16:37:14'),(23,'Truy Mệnh, 9x Công vs Meo Meo, Hoàng CN C5.2','https://www.youtube.com/embed/siQa-jEYerk?theme=light&autoplay=1&vq=hd720&version=3&hl=vi_VN&rel=0&showinfo=0','Game',6,2,'2017-10-30 16:37:14','2017-10-30 16:37:14'),(24,'Truy Mệnh, 9x Công vs Meo Meo, Hoàng CN C5.2','https://www.youtube.com/embed/siQa-jEYerk?theme=light&autoplay=1&vq=hd720&version=3&hl=vi_VN&rel=0&showinfo=0','Game',6,2,'2017-10-30 16:37:14','2017-10-30 16:37:14'),(25,'Truy Mệnh, 9x Công vs Meo Meo, Hoàng CN C5.1','https://www.youtube.com/embed/3Gif-xjTvgQ?theme=light&autoplay=1&vq=hd720&version=3&hl=vi_VN&rel=0&showinfo=0','Game',6,1,'2017-10-30 16:37:14','2017-10-30 16:37:14'),(26,'Truy Mệnh, 9x Công vs Meo Meo, Hoàng CN C4.3','https://www.youtube.com/embed/Kemj7TpaBs4?theme=light&autoplay=1&vq=hd720&version=3&hl=vi_VN&rel=0&showinfo=0','Game',7,3,'2017-10-30 16:37:14','2017-10-30 16:37:14'),(27,'Truy Mệnh, 9x Công vs Meo Meo, Hoàng CN C4.1','https://www.youtube.com/embed/ACLP1jn2KVw?theme=light&autoplay=1&vq=hd720&version=3&hl=vi_VN&rel=0&showinfo=0','Game',7,1,'2017-10-30 16:37:14','2017-10-30 16:37:14'),(28,'Truy Mệnh, 9x Công vs Meo Meo, Hoàng CN C3.5','https://www.youtube.com/embed/d5QTPd0ZBAE?theme=light&autoplay=1&vq=hd720&version=3&hl=vi_VN&rel=0&showinfo=0','Game',8,5,'2017-10-30 16:37:14','2017-10-30 16:37:14'),(29,'Truy Mệnh, 9x Công vs Meo Meo, Hoàng CN C3.4','https://www.youtube.com/embed/tKv8IIqdObY?theme=light&autoplay=1&vq=hd720&version=3&hl=vi_VN&rel=0&showinfo=0','Game',8,4,'2017-10-30 16:37:15','2017-10-30 16:37:15'),(30,'Truy Mệnh, 9x Công vs Meo Meo, Hoàng CN C3.3','https://www.youtube.com/embed/2E1yBetBq3M?theme=light&autoplay=1&vq=hd720&version=3&hl=vi_VN&rel=0&showinfo=0','Game',8,3,'2017-10-30 16:37:15','2017-10-30 16:37:15'),(31,'Truy Mệnh, 9x Công vs Meo Meo, Hoàng CN C3.2','https://www.youtube.com/embed/Kmf16NRHsPs?theme=light&autoplay=1&vq=hd720&version=3&hl=vi_VN&rel=0&showinfo=0','Game',8,2,'2017-10-30 16:37:15','2017-10-30 16:37:15'),(32,'Truy Mệnh, 9x Công vs Meo Meo, Hoàng CN C3.1','https://www.youtube.com/embed/KhPGDobunb8?theme=light&autoplay=1&vq=hd720&version=3&hl=vi_VN&rel=0&showinfo=0','Game',8,1,'2017-10-30 16:37:15','2017-10-30 16:37:15'),(33,'Truy Mệnh, 9x Công vs Meo Meo, Hoàng CN C2.5','https://www.youtube.com/embed/5GtU0nBbdaI?theme=light&autoplay=1&vq=hd720&version=3&hl=vi_VN&rel=0&showinfo=0','Game',9,5,'2017-10-30 16:37:15','2017-10-30 16:37:15'),(34,'Truy Mệnh, 9x Công vs Meo Meo, Hoàng CN C2.4','https://www.youtube.com/embed/Lal-Kl8AS_I?theme=light&autoplay=1&vq=hd720&version=3&hl=vi_VN&rel=0&showinfo=0','Game',9,4,'2017-10-30 16:37:15','2017-10-30 16:37:15'),(35,'Truy Mệnh, 9x Công vs Meo Meo, Hoàng CN C2.3','https://www.youtube.com/embed/nrzf1IPPu0o?theme=light&autoplay=1&vq=hd720&version=3&hl=vi_VN&rel=0&showinfo=0','Game',9,3,'2017-10-30 16:37:15','2017-10-30 16:37:15'),(36,'Truy Mệnh, 9x Công vs Meo Meo, Hoàng CN C2.2','https://www.youtube.com/embed/u-pFD9URtHk?theme=light&autoplay=1&vq=hd720&version=3&hl=vi_VN&rel=0&showinfo=0','Game',9,2,'2017-10-30 16:37:15','2017-10-30 16:37:15'),(37,'Truy Mệnh, 9x Công vs Meo Meo, Hoàng CN C1.5','https://www.youtube.com/embed/AyQ3u_j80mE?theme=light&autoplay=1&vq=hd720&version=3&hl=vi_VN&rel=0&showinfo=0','Game',10,5,'2017-10-30 16:37:15','2017-10-30 16:37:15'),(38,'Truy Mệnh, 9x Công vs Meo Meo, Hoàng CN C1.4','https://www.youtube.com/embed/LykybdNVNj4?theme=light&autoplay=1&vq=hd720&version=3&hl=vi_VN&rel=0&showinfo=0','Game',10,4,'2017-10-30 16:37:16','2017-10-30 16:37:16'),(39,'Truy Mệnh, 9x Công vs Meo Meo, Hoàng CN C1.3','https://www.youtube.com/embed/pFYnxKSVOtE?theme=light&autoplay=1&vq=hd720&version=3&hl=vi_VN&rel=0&showinfo=0','Game',10,3,'2017-10-30 16:37:16','2017-10-30 16:37:16'),(40,'Truy Mệnh, 9x Công vs Meo Meo, Hoàng CN C1.2','https://www.youtube.com/embed/uhfVrWk_Mlg?theme=light&autoplay=1&vq=hd720&version=3&hl=vi_VN&rel=0&showinfo=0','Game',10,2,'2017-10-30 16:37:16','2017-10-30 16:37:16'),(41,'Truy Mệnh, 9x Công vs Meo Meo, Hoàng CN C1.1','https://www.youtube.com/embed/7bbDXE_KZxA?theme=light&autoplay=1&vq=hd720&version=3&hl=vi_VN&rel=0&showinfo=0','Game',10,1,'2017-10-30 16:37:16','2017-10-30 16:37:16'),(42,'Hưng Nhổn, Tý vs VaneLove, Cam Quýt C5.5','https://www.youtube.com/embed/tT49AGBs-mY?theme=light&autoplay=1&vq=hd720&version=3&hl=vi_VN&rel=0&showinfo=0','Game',11,5,'2017-10-30 16:37:16','2017-10-30 16:37:16'),(43,'Hưng Nhổn, Tý vs VaneLove, Cam Quýt C5.4','https://www.youtube.com/embed/Vr066wnExP8?theme=light&autoplay=1&vq=hd720&version=3&hl=vi_VN&rel=0&showinfo=0','Game',11,4,'2017-10-30 16:37:16','2017-10-30 16:37:16'),(44,'Hưng Nhổn, Tý vs VaneLove, Cam Quýt C5.3','https://www.youtube.com/embed/hCLlSDZ0WLI?theme=light&autoplay=1&vq=hd720&version=3&hl=vi_VN&rel=0&showinfo=0','Game',11,3,'2017-10-30 16:37:17','2017-10-30 16:37:17'),(45,'Hưng Nhổn, Tý vs VaneLove, Cam Quýt C5.2','https://www.youtube.com/embed/O_b3zhw6K1Q?theme=light&autoplay=1&vq=hd720&version=3&hl=vi_VN&rel=0&showinfo=0','Game',11,2,'2017-10-30 16:37:17','2017-10-30 16:37:17'),(46,'Hưng Nhổn, Tý vs VaneLove, Cam Quýt C5.1','https://www.youtube.com/embed/aRMB82ZJ9pE?theme=light&autoplay=1&vq=hd720&version=3&hl=vi_VN&rel=0&showinfo=0','Game',11,1,'2017-10-30 16:37:17','2017-10-30 16:37:17'),(47,'Hưng Nhổn, Tý vs VaneLove, Cam Quýt C4.4','https://www.youtube.com/embed/PsHOREQC2mI?theme=light&autoplay=1&vq=hd720&version=3&hl=vi_VN&rel=0&showinfo=0','Game',12,4,'2017-10-30 16:37:17','2017-10-30 16:37:17'),(48,'Hưng Nhổn, Tý vs VaneLove, Cam Quýt C4.3','https://www.youtube.com/embed/ixH7G-6qjw8?theme=light&autoplay=1&vq=hd720&version=3&hl=vi_VN&rel=0&showinfo=0','Game',12,3,'2017-10-30 16:37:17','2017-10-30 16:37:17'),(49,'Hưng Nhổn, Tý vs VaneLove, Cam Quýt C4.2','https://www.youtube.com/embed/-6-JV3T7VFg?theme=light&autoplay=1&vq=hd720&version=3&hl=vi_VN&rel=0&showinfo=0','Game',12,2,'2017-10-30 16:37:17','2017-10-30 16:37:17'),(50,'Hưng Nhổn, Tý vs VaneLove, Cam Quýt C4.1','https://www.youtube.com/embed/sBrTgoSgu5Q?theme=light&autoplay=1&vq=hd720&version=3&hl=vi_VN&rel=0&showinfo=0','Game',12,1,'2017-10-30 16:37:17','2017-10-30 16:37:17'),(51,'Hưng Nhổn, Tý vs VaneLove, Cam Quýt C3.3','https://www.youtube.com/embed/6ZcQOtau95E?theme=light&autoplay=1&vq=hd720&version=3&hl=vi_VN&rel=0&showinfo=0','Game',13,3,'2017-10-30 16:37:17','2017-10-30 16:37:17'),(52,'Hưng Nhổn, Tý vs VaneLove, Cam Quýt C3.2','https://www.youtube.com/embed/y9hpK6iUXaI?theme=light&autoplay=1&vq=hd720&version=3&hl=vi_VN&rel=0&showinfo=0','Game',13,2,'2017-10-30 16:37:17','2017-10-30 16:37:17'),(53,'Hưng Nhổn, Tý vs VaneLove, Cam Quýt C3.1','https://www.youtube.com/embed/A0dvbYPD-cI?theme=light&autoplay=1&vq=hd720&version=3&hl=vi_VN&rel=0&showinfo=0','Game',13,1,'2017-10-30 16:37:18','2017-10-30 16:37:18'),(54,'Hưng Nhổn, Tý vs VaneLove, Cam Quýt C2.3','https://www.youtube.com/embed/m7uvQdOKdQ0?theme=light&autoplay=1&vq=hd720&version=3&hl=vi_VN&rel=0&showinfo=0','Game',14,3,'2017-10-30 16:37:18','2017-10-30 16:37:18'),(55,'Hưng Nhổn, Tý vs VaneLove, Cam Quýt C2.2','https://www.youtube.com/embed/smBjhjW0Wno?theme=light&autoplay=1&vq=hd720&version=3&hl=vi_VN&rel=0&showinfo=0','Game',14,2,'2017-10-30 16:37:18','2017-10-30 16:37:18'),(56,'Hưng Nhổn, Tý vs VaneLove, Cam Quýt C2.1','https://www.youtube.com/embed/vHoSGP6C9ic?theme=light&autoplay=1&vq=hd720&version=3&hl=vi_VN&rel=0&showinfo=0','Game',14,1,'2017-10-30 16:37:18','2017-10-30 16:37:18'),(57,'Hưng Nhổn, Tý vs VaneLove, Cam Quýt C1.4','https://www.youtube.com/embed/cI9emkeN6AI?theme=light&autoplay=1&vq=hd720&version=3&hl=vi_VN&rel=0&showinfo=0','Game',15,4,'2017-10-30 16:37:18','2017-10-30 16:37:18'),(58,'Hưng Nhổn, Tý vs VaneLove, Cam Quýt C1.3','https://www.youtube.com/embed/dUVcOa_Vc8w?theme=light&autoplay=1&vq=hd720&version=3&hl=vi_VN&rel=0&showinfo=0','Game',15,3,'2017-10-30 16:37:18','2017-10-30 16:37:18'),(59,'Hưng Nhổn, Tý vs VaneLove, Cam Quýt C1.2','https://www.youtube.com/embed/FU8XvqTIkMc?theme=light&autoplay=1&vq=hd720&version=3&hl=vi_VN&rel=0&showinfo=0','Game',15,2,'2017-10-30 16:37:19','2017-10-30 16:37:19'),(60,'Hưng Nhổn, Tý vs VaneLove, Cam Quýt C1.1','https://www.youtube.com/embed/sqXrmek6zcc?theme=light&autoplay=1&vq=hd720&version=3&hl=vi_VN&rel=0&showinfo=0','Game',15,1,'2017-10-30 16:37:19','2017-10-30 16:37:19'),(61,'Vanelove, Cam Quýt vs Hưng Nhổn, Tý C5.5','https://www.youtube.com/embed/axU8syGrD7g?theme=light&autoplay=1&vq=hd720&version=3&hl=vi_VN&rel=0&showinfo=0','Game',16,5,'2017-10-30 16:37:19','2017-10-30 16:37:19'),(62,'Vanelove, Cam Quýt vs Hưng Nhổn, Tý C5.4','https://www.youtube.com/embed/eFbLgwZSt4w?theme=light&autoplay=1&vq=hd720&version=3&hl=vi_VN&rel=0&showinfo=0','Game',16,4,'2017-10-30 16:37:19','2017-10-30 16:37:19'),(63,'Vanelove, Cam Quýt vs Hưng Nhổn, Tý C5.3','https://www.youtube.com/embed/t4WJEYrh9As?theme=light&autoplay=1&vq=hd720&version=3&hl=vi_VN&rel=0&showinfo=0','Game',16,3,'2017-10-30 16:37:19','2017-10-30 16:37:19'),(64,'Vanelove, Cam Quýt vs Hưng Nhổn, Tý C5.2','https://www.youtube.com/embed/AHec5Nezuo8?theme=light&autoplay=1&vq=hd720&version=3&hl=vi_VN&rel=0&showinfo=0','Game',16,2,'2017-10-30 16:37:19','2017-10-30 16:37:19'),(65,'Vanelove, Cam Quýt vs Hưng Nhổn, Tý C5.1','https://www.youtube.com/embed/wvQn0v10VPE?theme=light&autoplay=1&vq=hd720&version=3&hl=vi_VN&rel=0&showinfo=0','Game',16,1,'2017-10-30 16:37:19','2017-10-30 16:37:19'),(66,'Vanelove, Cam Quýt vs Hưng Nhổn, Tý C4.4','https://www.youtube.com/embed/G8DQhZnQFSQ?theme=light&autoplay=1&vq=hd720&version=3&hl=vi_VN&rel=0&showinfo=0','Game',17,4,'2017-10-30 16:37:19','2017-10-30 16:37:19'),(67,'Vanelove, Cam Quýt vs Hưng Nhổn, Tý C4.3','https://www.youtube.com/embed/PiQu1G_-q7M?theme=light&autoplay=1&vq=hd720&version=3&hl=vi_VN&rel=0&showinfo=0','Game',17,3,'2017-10-30 16:37:20','2017-10-30 16:37:20'),(68,'Vanelove, Cam Quýt vs Hưng Nhổn, Tý C4.2','https://www.youtube.com/embed/cXkWT80LfUg?theme=light&autoplay=1&vq=hd720&version=3&hl=vi_VN&rel=0&showinfo=0','Game',17,2,'2017-10-30 16:37:20','2017-10-30 16:37:20'),(69,'Vanelove, Cam Quýt vs Hưng Nhổn, Tý C4.1','https://www.youtube.com/embed/SVUqoqnOrJI?theme=light&autoplay=1&vq=hd720&version=3&hl=vi_VN&rel=0&showinfo=0','Game',17,1,'2017-10-30 16:37:20','2017-10-30 16:37:20'),(70,'Vanelove, Cam Quýt vs Hưng Nhổn, Tý C3.3 lại','https://www.youtube.com/embed/GFlmL1IZs9A?theme=light&autoplay=1&vq=hd720&version=3&hl=vi_VN&rel=0&showinfo=0','Article',4,0,'2017-10-30 16:37:20','2017-10-30 16:37:20'),(71,'Vanelove, Cam Quýt vs Hưng Nhổn, Tý C3.3 Dis','https://www.youtube.com/embed/gsjurWbN204?theme=light&autoplay=1&vq=hd720&version=3&hl=vi_VN&rel=0&showinfo=0','Article',4,0,'2017-10-30 16:37:20','2017-10-30 16:37:20'),(72,'Vanelove, Cam Quýt vs Hưng Nhổn, Tý C3.2','https://www.youtube.com/embed/UDktVwCZWM4?theme=light&autoplay=1&vq=hd720&version=3&hl=vi_VN&rel=0&showinfo=0','Game',18,2,'2017-10-30 16:37:20','2017-10-30 16:37:20'),(73,'Vanelove, Cam Quýt vs Hưng Nhổn, Tý C3.1','https://www.youtube.com/embed/dEc46xUyMhs?theme=light&autoplay=1&vq=hd720&version=3&hl=vi_VN&rel=0&showinfo=0','Game',18,1,'2017-10-30 16:37:20','2017-10-30 16:37:20'),(74,'Vanelove, Cam Quýt vs Hưng Nhổn, Tý C2.3','https://www.youtube.com/embed/B1itub2sXKk?theme=light&autoplay=1&vq=hd720&version=3&hl=vi_VN&rel=0&showinfo=0','Game',19,3,'2017-10-30 16:37:20','2017-10-30 16:37:20'),(75,'Vanelove, Cam Quýt vs Hưng Nhổn, Tý C2.2','https://www.youtube.com/embed/7nZUtXiyoy4?theme=light&autoplay=1&vq=hd720&version=3&hl=vi_VN&rel=0&showinfo=0','Game',19,2,'2017-10-30 16:37:20','2017-10-30 16:37:20'),(76,'Vanelove, Cam Quýt vs Hưng Nhổn, Tý C2.1','https://www.youtube.com/embed/SC1rZjWFmJI?theme=light&autoplay=1&vq=hd720&version=3&hl=vi_VN&rel=0&showinfo=0','Game',19,1,'2017-10-30 16:37:21','2017-10-30 16:37:21'),(77,'Vanelove, Cam Quýt vs Hưng Nhổn, Tý C1.4','https://www.youtube.com/embed/hX2H9_1ntio?theme=light&autoplay=1&vq=hd720&version=3&hl=vi_VN&rel=0&showinfo=0','Game',20,4,'2017-10-30 16:37:21','2017-10-30 16:37:21'),(78,'Vanelove, Cam Quýt vs Hưng Nhổn, Tý C1.3','https://www.youtube.com/embed/ZdBMztKtf8o?theme=light&autoplay=1&vq=hd720&version=3&hl=vi_VN&rel=0&showinfo=0','Game',20,3,'2017-10-30 16:37:21','2017-10-30 16:37:21'),(79,'Vanelove, Cam Quýt vs Hưng Nhổn, Tý C1.2','https://www.youtube.com/embed/TPznSVp5cr4?theme=light&autoplay=1&vq=hd720&version=3&hl=vi_VN&rel=0&showinfo=0','Game',20,2,'2017-10-30 16:37:21','2017-10-30 16:37:21'),(80,'Vanelove, Cam Quýt vs Hưng Nhổn, Tý C1.1','https://www.youtube.com/embed/Wq-hL-FdHsg?theme=light&autoplay=1&vq=hd720&version=3&hl=vi_VN&rel=0&showinfo=0','Game',20,1,'2017-10-30 16:37:21','2017-10-30 16:37:21'),(81,'Đỗ Xuân Phương vs Lưu Xuân Khang T5','https://www.youtube.com/embed/_1VykeSvYDA?theme=light&autoplay=1&vq=hd720&version=3&hl=vi_VN&rel=0&showinfo=0','Article',5,5,'2017-10-30 16:37:21','2017-10-30 16:37:21'),(82,'Đỗ Xuân Phương vs Lưu Xuân Khang T4','https://www.youtube.com/embed/6dx6Rq2dMBU?theme=light&autoplay=1&vq=hd720&version=3&hl=vi_VN&rel=0&showinfo=0','Article',5,4,'2017-10-30 16:37:21','2017-10-30 16:37:21'),(83,'Đỗ Xuân Phương vs Lưu Xuân Khang T3','https://www.youtube.com/embed/kVjRrdEfEH0?theme=light&autoplay=1&vq=hd720&version=3&hl=vi_VN&rel=0&showinfo=0','Article',5,3,'2017-10-30 16:37:21','2017-10-30 16:37:21'),(84,'Đỗ Xuân Phương vs Lưu Xuân Khang T2','https://www.youtube.com/embed/sHIZ9wzBxLA?theme=light&autoplay=1&vq=hd720&version=3&hl=vi_VN&rel=0&showinfo=0','Article',5,2,'2017-10-30 16:37:21','2017-10-30 16:37:21'),(85,'Đỗ Xuân Phương vs Lưu Xuân Khang T1','https://www.youtube.com/embed/DttJFLrfH98?theme=light&autoplay=1&vq=hd720&version=3&hl=vi_VN&rel=0&showinfo=0','Article',5,1,'2017-10-30 16:37:22','2017-10-30 16:37:22'),(86,'Bí quyết ChimSeDiNang chơi AoE hay nhất Thế Giới','https://www.youtube.com/embed/wZh2juuR-6g?theme=light&autoplay=1&vq=hd720&version=3&hl=vi_VN&rel=0&showinfo=0','Article',6,0,'2017-10-30 16:37:22','2017-10-30 16:37:22'),(87,'Liên Quân CEO Huấn vs Liên Quân Bệ Đá Cổ C2.3','https://www.youtube.com/embed/YA_oxlBXSuE?theme=light&autoplay=1&vq=hd720&version=3&hl=vi_VN&rel=0&showinfo=0','Game',21,3,'2017-10-30 16:37:22','2017-10-30 16:37:22'),(88,'Liên Quân CEO Huấn vs Liên Quân Bệ Đá Cổ C2.2','https://www.youtube.com/embed/yu23fzyzjgE?theme=light&autoplay=1&vq=hd720&version=3&hl=vi_VN&rel=0&showinfo=0','Game',21,2,'2017-10-30 16:37:22','2017-10-30 16:37:22'),(89,'Liên Quân CEO Huấn vs Liên Quân Bệ Đá Cổ C2.1','https://www.youtube.com/embed/trugSHHx9TM?theme=light&autoplay=1&vq=hd720&version=3&hl=vi_VN&rel=0&showinfo=0','Game',21,1,'2017-10-30 16:37:22','2017-10-30 16:37:22'),(90,'Liên Quân CEO Huấn vs Liên Quân Bệ Đá Cổ C1.4','https://www.youtube.com/embed/WK1t3ljyTAY?theme=light&autoplay=1&vq=hd720&version=3&hl=vi_VN&rel=0&showinfo=0','Game',22,4,'2017-10-30 16:37:23','2017-10-30 16:37:23'),(91,'Liên Quân CEO Huấn vs Liên Quân Bệ Đá Cổ C1.3','https://www.youtube.com/embed/d48rTSXHZSM?theme=light&autoplay=1&vq=hd720&version=3&hl=vi_VN&rel=0&showinfo=0','Game',22,3,'2017-10-30 16:37:23','2017-10-30 16:37:23'),(92,'Liên Quân CEO Huấn vs Liên Quân Bệ Đá Cổ C1.2','https://www.youtube.com/embed/WhWRKu6AeUc?theme=light&autoplay=1&vq=hd720&version=3&hl=vi_VN&rel=0&showinfo=0','Game',22,2,'2017-10-30 16:37:23','2017-10-30 16:37:23'),(93,'Liên Quân CEO Huấn vs Liên Quân Bệ Đá Cổ C1.1','https://www.youtube.com/embed/vM_hd_TJXB4?theme=light&autoplay=1&vq=hd720&version=3&hl=vi_VN&rel=0&showinfo=0','Game',22,1,'2017-10-30 16:37:23','2017-10-30 16:37:23'),(94,'Lê Văn Long vs Phạm Duy Chinh T9','https://www.youtube.com/embed/ElYME1Ytpaw?theme=light&autoplay=1&vq=hd720&version=3&hl=vi_VN&rel=0&showinfo=0','Article',8,9,'2017-10-30 16:37:23','2017-10-30 16:37:23'),(95,'Lê Văn Long vs Phạm Duy Chinh T8','https://www.youtube.com/embed/huCT3mifZPU?theme=light&autoplay=1&vq=hd720&version=3&hl=vi_VN&rel=0&showinfo=0','Article',8,8,'2017-10-30 16:37:23','2017-10-30 16:37:23'),(96,'Lê Văn Long vs Phạm Duy Chinh T7','https://www.youtube.com/embed/bpaIFusC3c4?theme=light&autoplay=1&vq=hd720&version=3&hl=vi_VN&rel=0&showinfo=0','Article',8,7,'2017-10-30 16:37:23','2017-10-30 16:37:23'),(97,'Lê Văn Long vs Phạm Duy Chinh T6','https://www.youtube.com/embed/MqbNatQec-s?theme=light&autoplay=1&vq=hd720&version=3&hl=vi_VN&rel=0&showinfo=0','Article',8,6,'2017-10-30 16:37:23','2017-10-30 16:37:23'),(98,'Lê Văn Long vs Phạm Duy Chinh T5','https://www.youtube.com/embed/t9ZpTCXhjEI?theme=light&autoplay=1&vq=hd720&version=3&hl=vi_VN&rel=0&showinfo=0','Article',8,5,'2017-10-30 16:37:23','2017-10-30 16:37:23'),(99,'Lê Văn Long vs Phạm Duy Chinh T4','https://www.youtube.com/embed/Vq9coGdDrmc?theme=light&autoplay=1&vq=hd720&version=3&hl=vi_VN&rel=0&showinfo=0','Article',8,4,'2017-10-30 16:37:24','2017-10-30 16:37:24'),(100,'Lê Văn Long vs Phạm Duy Chinh T3','https://www.youtube.com/embed/gK-aHIj_coU?theme=light&autoplay=1&vq=hd720&version=3&hl=vi_VN&rel=0&showinfo=0','Article',8,3,'2017-10-30 16:37:24','2017-10-30 16:37:24'),(101,'Lê Văn Long vs Phạm Duy Chinh T2','https://www.youtube.com/embed/zIDaMkbciOo?theme=light&autoplay=1&vq=hd720&version=3&hl=vi_VN&rel=0&showinfo=0','Article',8,2,'2017-10-30 16:37:24','2017-10-30 16:37:24'),(102,'Lê Văn Long vs Phạm Duy Chinh T1','https://www.youtube.com/embed/1DWLAuFGJIU?theme=light&autoplay=1&vq=hd720&version=3&hl=vi_VN&rel=0&showinfo=0','Article',8,1,'2017-10-30 16:37:24','2017-10-30 16:37:24'),(103,'Phạm Văn Hưởng vs Quang Huy T8','https://www.youtube.com/embed/aivsz21k0TE?theme=light&autoplay=1&vq=hd720&version=3&hl=vi_VN&rel=0&showinfo=0','Article',8,8,'2017-10-30 16:37:24','2017-10-30 16:37:24'),(104,'Phạm Văn Hưởng vs Quang Huy T7','https://www.youtube.com/embed/WCML29XOcJc?theme=light&autoplay=1&vq=hd720&version=3&hl=vi_VN&rel=0&showinfo=0','Article',8,7,'2017-10-30 16:37:24','2017-10-30 16:37:24'),(105,'Phạm Văn Hưởng vs Quang Huy T6','https://www.youtube.com/embed/QBOZYusJRoM?theme=light&autoplay=1&vq=hd720&version=3&hl=vi_VN&rel=0&showinfo=0','Article',8,6,'2017-10-30 16:37:24','2017-10-30 16:37:24'),(106,'Phạm Văn Hưởng vs Quang Huy T5','https://www.youtube.com/embed/_GEBHX3e08Y?theme=light&autoplay=1&vq=hd720&version=3&hl=vi_VN&rel=0&showinfo=0','Article',8,5,'2017-10-30 16:37:24','2017-10-30 16:37:24'),(107,'Phạm Văn Hưởng vs Quang Huy T4','https://www.youtube.com/embed/GFrCDpjNbD8?theme=light&autoplay=1&vq=hd720&version=3&hl=vi_VN&rel=0&showinfo=0','Article',8,4,'2017-10-30 16:37:24','2017-10-30 16:37:24'),(108,'Phạm Văn Hưởng vs Quang Huy T2.2','https://www.youtube.com/embed/bUiranu9PDs?theme=light&autoplay=1&vq=hd720&version=3&hl=vi_VN&rel=0&showinfo=0','Article',8,0,'2017-10-30 16:37:25','2017-10-30 16:37:25'),(109,'Phạm Văn Hưởng vs Quang Huy T2.1','https://www.youtube.com/embed/FVSaCwplM-Y?theme=light&autoplay=1&vq=hd720&version=3&hl=vi_VN&rel=0&showinfo=0','Article',8,0,'2017-10-30 16:37:25','2017-10-30 16:37:25'),(110,'Phạm Văn Hưởng vs Quang Huy T1','https://www.youtube.com/embed/ZUvXjBNG-M8?theme=light&autoplay=1&vq=hd720&version=3&hl=vi_VN&rel=0&showinfo=0','Article',8,1,'2017-10-30 16:37:25','2017-10-30 16:37:25'),(111,'Nguyễn Tiến Tuấn vs Nguyễn Khắc Hoành T4','https://www.youtube.com/embed/B6a9zfGGSR0?theme=light&autoplay=1&vq=hd720&version=3&hl=vi_VN&rel=0&showinfo=0','Article',8,4,'2017-10-30 16:37:25','2017-10-30 16:37:25'),(112,'Nguyễn Tiến Tuấn vs Nguyễn Khắc Hoành T3','https://www.youtube.com/embed/ZCJApq1fd-g?theme=light&autoplay=1&vq=hd720&version=3&hl=vi_VN&rel=0&showinfo=0','Article',8,3,'2017-10-30 16:37:25','2017-10-30 16:37:25'),(113,'Nguyễn Tiến Tuấn vs Nguyễn Khắc Hoành T2','https://www.youtube.com/embed/Ww3JCt4WlNw?theme=light&autoplay=1&vq=hd720&version=3&hl=vi_VN&rel=0&showinfo=0','Article',8,2,'2017-10-30 16:37:25','2017-10-30 16:37:25'),(114,'Nguyễn Tiến Tuấn vs Nguyễn Khắc Hoành T1','https://www.youtube.com/embed/k-FFbcX_NXU?theme=light&autoplay=1&vq=hd720&version=3&hl=vi_VN&rel=0&showinfo=0','Article',8,1,'2017-10-30 16:37:25','2017-10-30 16:37:25'),(115,'Bibi Club vs Thái Bình + Skyred C2.4','https://www.youtube.com/embed/XcTCuOOWVDw?theme=light&autoplay=1&vq=hd720&version=3&hl=vi_VN&rel=0&showinfo=0','Game',23,4,'2017-10-30 16:37:25','2017-10-30 16:37:25'),(116,'Bibi Club vs Thái Bình + Skyred C2.3','https://www.youtube.com/embed/GpVMJnInPPo?theme=light&autoplay=1&vq=hd720&version=3&hl=vi_VN&rel=0&showinfo=0','Game',23,3,'2017-10-30 16:37:26','2017-10-30 16:37:26'),(117,'Bibi Club vs Thái Bình + Skyred C2.2','https://www.youtube.com/embed/b5MOxeMUGBQ?theme=light&autoplay=1&vq=hd720&version=3&hl=vi_VN&rel=0&showinfo=0','Game',23,2,'2017-10-30 16:37:26','2017-10-30 16:37:26'),(118,'Bibi Club vs Thái Bình + Skyred C2.1','https://www.youtube.com/embed/YlL43W8_lzg?theme=light&autoplay=1&vq=hd720&version=3&hl=vi_VN&rel=0&showinfo=0','Game',23,1,'2017-10-30 16:37:26','2017-10-30 16:37:26'),(119,'Bibi Club vs Thái Bình + Skyred C1.3','https://www.youtube.com/embed/rYamOJEJK8U?theme=light&autoplay=1&vq=hd720&version=3&hl=vi_VN&rel=0&showinfo=0','Game',24,3,'2017-10-30 16:37:26','2017-10-30 16:37:26'),(120,'Bibi Club vs Thái Bình + Skyred C1.2','https://www.youtube.com/embed/tx2JHyBuCPA?theme=light&autoplay=1&vq=hd720&version=3&hl=vi_VN&rel=0&showinfo=0','Game',24,2,'2017-10-30 16:37:26','2017-10-30 16:37:26'),(121,'Bibi Club vs Thái Bình + Skyred C1.1','https://www.youtube.com/embed/al4-bM_dO_M?theme=light&autoplay=1&vq=hd720&version=3&hl=vi_VN&rel=0&showinfo=0','Game',24,1,'2017-10-30 16:37:26','2017-10-30 16:37:26'),(122,'Thái Bình + Skyred vs Bibi Club C2.4','https://www.youtube.com/embed/2MMLiA_mDIw?theme=light&autoplay=1&vq=hd720&version=3&hl=vi_VN&rel=0&showinfo=0','Game',25,4,'2017-10-30 16:37:26','2017-10-30 16:37:26'),(123,'Thái Bình + Skyred vs Bibi Club C2.3','https://www.youtube.com/embed/Whwtny8gCRM?theme=light&autoplay=1&vq=hd720&version=3&hl=vi_VN&rel=0&showinfo=0','Game',25,3,'2017-10-30 16:37:26','2017-10-30 16:37:26'),(124,'Thái Bình + Skyred vs Bibi Club C2.2','https://www.youtube.com/embed/bDTx8muG6Zo?theme=light&autoplay=1&vq=hd720&version=3&hl=vi_VN&rel=0&showinfo=0','Game',25,2,'2017-10-30 16:37:26','2017-10-30 16:37:26'),(125,'Thái Bình + Skyred vs Bibi Club C2.1','https://www.youtube.com/embed/WCbk_GSnO00?theme=light&autoplay=1&vq=hd720&version=3&hl=vi_VN&rel=0&showinfo=0','Game',25,1,'2017-10-30 16:37:27','2017-10-30 16:37:27'),(126,'Thái Bình + Skyred vs Bibi Club C1.3','https://www.youtube.com/embed/38zDKIBuT44?theme=light&autoplay=1&vq=hd720&version=3&hl=vi_VN&rel=0&showinfo=0','Game',26,3,'2017-10-30 16:37:27','2017-10-30 16:37:27'),(127,'Thái Bình + Skyred vs Bibi Club C1.2','https://www.youtube.com/embed/ZLtXkKp9SIo?theme=light&autoplay=1&vq=hd720&version=3&hl=vi_VN&rel=0&showinfo=0','Game',26,2,'2017-10-30 16:37:27','2017-10-30 16:37:27'),(128,'Thái Bình + Skyred vs Bibi Club C1.1','https://www.youtube.com/embed/ez8brlTkm-8?theme=light&autoplay=1&vq=hd720&version=3&hl=vi_VN&rel=0&showinfo=0','Game',26,1,'2017-10-30 16:37:27','2017-10-30 16:37:27'),(129,'Quang Huy vs Vũ Huy Hưởng T8','https://www.youtube.com/embed/LmNQnDtonlE?theme=light&autoplay=1&vq=hd720&version=3&hl=vi_VN&rel=0&showinfo=0','Article',11,8,'2017-10-30 16:37:27','2017-10-30 16:37:27'),(130,'Quang Huy vs Vũ Huy Hưởng T7','https://www.youtube.com/embed/6SGfQdrPj9A?theme=light&autoplay=1&vq=hd720&version=3&hl=vi_VN&rel=0&showinfo=0','Article',11,7,'2017-10-30 16:37:27','2017-10-30 16:37:27'),(131,'Đỗ Xuân Thứ vs Lê Văn Long T6','https://www.youtube.com/embed/M1GO0sOvKV0?theme=light&autoplay=1&vq=hd720&version=3&hl=vi_VN&rel=0&showinfo=0','Article',11,6,'2017-10-30 16:37:27','2017-10-30 16:37:27'),(132,'Đỗ Xuân Thứ vs Lê Văn Long T5','https://www.youtube.com/embed/z09Wdtdij5g?theme=light&autoplay=1&vq=hd720&version=3&hl=vi_VN&rel=0&showinfo=0','Article',11,5,'2017-10-30 16:37:27','2017-10-30 16:37:27'),(133,'Đỗ Xuân Thứ vs Lê Văn Long T4','https://www.youtube.com/embed/Jn-20blf7VM?theme=light&autoplay=1&vq=hd720&version=3&hl=vi_VN&rel=0&showinfo=0','Article',11,4,'2017-10-30 16:37:27','2017-10-30 16:37:27'),(134,'Đỗ Xuân Thứ vs Lê Văn Long T3','https://www.youtube.com/embed/dAlJBJVktE4?theme=light&autoplay=1&vq=hd720&version=3&hl=vi_VN&rel=0&showinfo=0','Article',11,3,'2017-10-30 16:37:28','2017-10-30 16:37:28'),(135,'Đỗ Xuân Thứ vs Lê Văn Long T2','https://www.youtube.com/embed/leOdatBxLbg?theme=light&autoplay=1&vq=hd720&version=3&hl=vi_VN&rel=0&showinfo=0','Article',11,2,'2017-10-30 16:37:28','2017-10-30 16:37:28'),(136,'Đỗ Xuân Thứ vs Lê Văn Long T1','https://www.youtube.com/embed/0iJYyvoYx5w?theme=light&autoplay=1&vq=hd720&version=3&hl=vi_VN&rel=0&showinfo=0','Article',11,1,'2017-10-30 16:37:28','2017-10-30 16:37:28'),(137,'Quang Huy vs Vũ Huy Hưởng T6','https://www.youtube.com/embed/qcaHfEL4mnI?theme=light&autoplay=1&vq=hd720&version=3&hl=vi_VN&rel=0&showinfo=0','Article',11,6,'2017-10-30 16:37:28','2017-10-30 16:37:28'),(138,'Quang Huy vs Vũ Huy Hưởng T3','https://www.youtube.com/embed/HuDYgzxlHJs?theme=light&autoplay=1&vq=hd720&version=3&hl=vi_VN&rel=0&showinfo=0','Article',11,3,'2017-10-30 16:37:28','2017-10-30 16:37:28'),(139,'Quang Huy vs Vũ Huy Hưởng T2','https://www.youtube.com/embed/6KwfsshfKpU?theme=light&autoplay=1&vq=hd720&version=3&hl=vi_VN&rel=0&showinfo=0','Article',11,2,'2017-10-30 16:37:28','2017-10-30 16:37:28'),(140,'Quang Huy vs Vũ Huy Hưởng T1','https://www.youtube.com/embed/f495WeSaypI?theme=light&autoplay=1&vq=hd720&version=3&hl=vi_VN&rel=0&showinfo=0','Article',11,1,'2017-10-30 16:37:28','2017-10-30 16:37:28'),(141,'Quang Huy vs Lê Văn Long T12','https://www.youtube.com/embed/gm50lhWWI5A?theme=light&autoplay=1&vq=hd720&version=3&hl=vi_VN&rel=0&showinfo=0','Article',12,0,'2017-10-30 16:37:28','2017-10-30 16:37:28'),(142,'Quang Huy vs Lê Văn Long T11','https://www.youtube.com/embed/-g6q1EgDGQM?theme=light&autoplay=1&vq=hd720&version=3&hl=vi_VN&rel=0&showinfo=0','Article',12,0,'2017-10-30 16:37:28','2017-10-30 16:37:28'),(143,'Quang Huy vs Lê Văn Long T10','https://www.youtube.com/embed/sgjYKqfCNCw?theme=light&autoplay=1&vq=hd720&version=3&hl=vi_VN&rel=0&showinfo=0','Article',12,0,'2017-10-30 16:37:29','2017-10-30 16:37:29'),(144,'Quang Huy vs Lê Văn Long T9','https://www.youtube.com/embed/2wO-UMtJmRw?theme=light&autoplay=1&vq=hd720&version=3&hl=vi_VN&rel=0&showinfo=0','Article',12,9,'2017-10-30 16:37:29','2017-10-30 16:37:29'),(145,'Quang Huy vs Lê Văn Long T8','https://www.youtube.com/embed/E5sIlzHi-ms?theme=light&autoplay=1&vq=hd720&version=3&hl=vi_VN&rel=0&showinfo=0','Article',12,8,'2017-10-30 16:37:29','2017-10-30 16:37:29'),(146,'Quang Huy vs Lê Văn Long T7','https://www.youtube.com/embed/IXDlL0ZS9NQ?theme=light&autoplay=1&vq=hd720&version=3&hl=vi_VN&rel=0&showinfo=0','Article',12,7,'2017-10-30 16:37:29','2017-10-30 16:37:29'),(147,'Quang Huy vs Lê Văn Long T6','https://www.youtube.com/embed/I9do_oRvdxs?theme=light&autoplay=1&vq=hd720&version=3&hl=vi_VN&rel=0&showinfo=0','Article',12,6,'2017-10-30 16:37:29','2017-10-30 16:37:29'),(148,'Quang Huy vs Lê Văn Long T5','https://www.youtube.com/embed/MZpr_UZE5ls?theme=light&autoplay=1&vq=hd720&version=3&hl=vi_VN&rel=0&showinfo=0','Article',12,5,'2017-10-30 16:37:29','2017-10-30 16:37:29'),(149,'Quang Huy vs Lê Văn Long T3','https://www.youtube.com/embed/v9y03EDYpW0?theme=light&autoplay=1&vq=hd720&version=3&hl=vi_VN&rel=0&showinfo=0','Article',12,3,'2017-10-30 16:37:29','2017-10-30 16:37:29'),(150,'Quang Huy vs Lê Văn Long T2','https://www.youtube.com/embed/JdUuh0H8UnY?theme=light&autoplay=1&vq=hd720&version=3&hl=vi_VN&rel=0&showinfo=0','Article',12,2,'2017-10-30 16:37:29','2017-10-30 16:37:29'),(151,'Quang Huy vs Lê Văn Long T1','https://www.youtube.com/embed/tERqEcbDKnk?theme=light&autoplay=1&vq=hd720&version=3&hl=vi_VN&rel=0&showinfo=0','Article',12,1,'2017-10-30 16:37:29','2017-10-30 16:37:29'),(152,'Lê Văn Long vs Nguyễn Quang Huy T12','https://www.youtube.com/embed/GxDleC2bLFI?theme=light&autoplay=1&vq=hd720&version=3&hl=vi_VN&rel=0&showinfo=0','Article',12,0,'2017-10-30 16:37:30','2017-10-30 16:37:30'),(153,'Lê Văn Long vs Nguyễn Quang Huy T11','https://www.youtube.com/embed/eb864E7wTAU?theme=light&autoplay=1&vq=hd720&version=3&hl=vi_VN&rel=0&showinfo=0','Article',12,0,'2017-10-30 16:37:30','2017-10-30 16:37:30'),(154,'Lê Văn Long vs Nguyễn Quang Huy T9','https://www.youtube.com/embed/nU8TQ9PZlE4?theme=light&autoplay=1&vq=hd720&version=3&hl=vi_VN&rel=0&showinfo=0','Article',12,9,'2017-10-30 16:37:30','2017-10-30 16:37:30'),(155,'Lê Văn Long vs Nguyễn Quang Huy T8','https://www.youtube.com/embed/v-v53GZ-sDE?theme=light&autoplay=1&vq=hd720&version=3&hl=vi_VN&rel=0&showinfo=0','Article',12,8,'2017-10-30 16:37:30','2017-10-30 16:37:30'),(156,'Lê Văn Long vs Nguyễn Quang Huy T6','https://www.youtube.com/embed/U6xQXCOM-20?theme=light&autoplay=1&vq=hd720&version=3&hl=vi_VN&rel=0&showinfo=0','Article',12,6,'2017-10-30 16:37:30','2017-10-30 16:37:30'),(157,'Lê Văn Long vs Nguyễn Quang Huy T5','https://www.youtube.com/embed/r2drA_UkoQU?theme=light&autoplay=1&vq=hd720&version=3&hl=vi_VN&rel=0&showinfo=0','Article',12,5,'2017-10-30 16:37:31','2017-10-30 16:37:31'),(158,'Lê Văn Long vs Nguyễn Quang Huy T4','https://www.youtube.com/embed/hfl-kmlZ7Mw?theme=light&autoplay=1&vq=hd720&version=3&hl=vi_VN&rel=0&showinfo=0','Article',12,4,'2017-10-30 16:37:31','2017-10-30 16:37:31'),(159,'Lê Văn Long vs Nguyễn Quang Huy T3','https://www.youtube.com/embed/ITVLn6SoQ6I?theme=light&autoplay=1&vq=hd720&version=3&hl=vi_VN&rel=0&showinfo=0','Article',12,3,'2017-10-30 16:37:31','2017-10-30 16:37:31'),(160,'Lê Văn Long vs Nguyễn Quang Huy T2','https://www.youtube.com/embed/8S6VdpOlGik?theme=light&autoplay=1&vq=hd720&version=3&hl=vi_VN&rel=0&showinfo=0','Article',12,2,'2017-10-30 16:37:31','2017-10-30 16:37:31'),(161,'Lê Văn Long vs Nguyễn Quang Huy T1','https://www.youtube.com/embed/D4vVJbSZBzQ?theme=light&autoplay=1&vq=hd720&version=3&hl=vi_VN&rel=0&showinfo=0','Article',12,1,'2017-10-30 16:37:32','2017-10-30 16:37:32'),(162,'Bibi Club + Vane_Love vs Thái Bình + Skyred C3.4','https://www.youtube.com/embed/a7-mN9L4rrU?theme=light&autoplay=1&vq=hd720&version=3&hl=vi_VN&rel=0&showinfo=0','Game',27,4,'2017-10-30 16:37:32','2017-10-30 16:37:32'),(163,'Bibi Club + Vane_Love vs Thái Bình + Skyred C3.3','https://www.youtube.com/embed/FhGSoZPpFVg?theme=light&autoplay=1&vq=hd720&version=3&hl=vi_VN&rel=0&showinfo=0','Game',27,3,'2017-10-30 16:37:32','2017-10-30 16:37:32'),(164,'Bibi Club + Vane_Love vs Thái Bình + Skyred C3.2','https://www.youtube.com/embed/O3Vi_rEBqvI?theme=light&autoplay=1&vq=hd720&version=3&hl=vi_VN&rel=0&showinfo=0','Game',27,2,'2017-10-30 16:37:32','2017-10-30 16:37:32'),(165,'Bibi Club + Vane_Love vs Thái Bình + Skyred C3.1','https://www.youtube.com/embed/SRtSyQ6lFjU?theme=light&autoplay=1&vq=hd720&version=3&hl=vi_VN&rel=0&showinfo=0','Game',27,1,'2017-10-30 16:37:33','2017-10-30 16:37:33'),(166,'Bibi Club + Vane_Love vs Thái Bình + Skyred C2.5','https://www.youtube.com/embed/avi0am0ieeY?theme=light&autoplay=1&vq=hd720&version=3&hl=vi_VN&rel=0&showinfo=0','Game',28,5,'2017-10-30 16:37:33','2017-10-30 16:37:33'),(167,'Bibi Club + Vane_Love vs Thái Bình + Skyred C2.4','https://www.youtube.com/embed/HplO4_E4-eA?theme=light&autoplay=1&vq=hd720&version=3&hl=vi_VN&rel=0&showinfo=0','Game',28,4,'2017-10-30 16:37:33','2017-10-30 16:37:33'),(168,'Bibi Club + Vane_Love vs Thái Bình + Skyred C2.3','https://www.youtube.com/embed/285DeyQAi8w?theme=light&autoplay=1&vq=hd720&version=3&hl=vi_VN&rel=0&showinfo=0','Game',28,3,'2017-10-30 16:37:33','2017-10-30 16:37:33'),(169,'Bibi Club + Vane_Love vs Thái Bình + Skyred C2.2','https://www.youtube.com/embed/W-TWKixXMtg?theme=light&autoplay=1&vq=hd720&version=3&hl=vi_VN&rel=0&showinfo=0','Game',28,2,'2017-10-30 16:37:34','2017-10-30 16:37:34'),(170,'Bibi Club + Vane_Love vs Thái Bình + Skyred C2.1','https://www.youtube.com/embed/JMnoUWxsvGA?theme=light&autoplay=1&vq=hd720&version=3&hl=vi_VN&rel=0&showinfo=0','Game',28,1,'2017-10-30 16:37:34','2017-10-30 16:37:34'),(171,'Bibi Club + Vane_Love vs Thái Bình + Skyred C1.5','https://www.youtube.com/embed/kr7AT_Dhqmo?theme=light&autoplay=1&vq=hd720&version=3&hl=vi_VN&rel=0&showinfo=0','Game',29,5,'2017-10-30 16:37:34','2017-10-30 16:37:34'),(172,'Bibi Club + Vane_Love vs Thái Bình + Skyred C1.4','https://www.youtube.com/embed/knbeZGgZyRM?theme=light&autoplay=1&vq=hd720&version=3&hl=vi_VN&rel=0&showinfo=0','Game',29,4,'2017-10-30 16:37:34','2017-10-30 16:37:34'),(173,'Bibi Club + Vane_Love vs Thái Bình + Skyred C1.3','https://www.youtube.com/embed/NTANiZgZ1-g?theme=light&autoplay=1&vq=hd720&version=3&hl=vi_VN&rel=0&showinfo=0','Game',29,3,'2017-10-30 16:37:34','2017-10-30 16:37:34'),(174,'Bibi Club + Vane_Love vs Thái Bình + Skyred C1.2','https://www.youtube.com/embed/-9Nnap1sXV8?theme=light&autoplay=1&vq=hd720&version=3&hl=vi_VN&rel=0&showinfo=0','Game',29,2,'2017-10-30 16:37:34','2017-10-30 16:37:34'),(175,'Bibi Club + Vane_Love vs Thái Bình + Skyred C1.1','https://www.youtube.com/embed/Ze047zX3Fpc?theme=light&autoplay=1&vq=hd720&version=3&hl=vi_VN&rel=0&showinfo=0','Game',29,1,'2017-10-30 16:37:34','2017-10-30 16:37:34'),(176,'Thái Bình + Skyred vs Bibi Club + Vane_Love C3.3','https://www.youtube.com/embed/ppYrYSj-j3Q?theme=light&autoplay=1&vq=hd720&version=3&hl=vi_VN&rel=0&showinfo=0','Game',30,3,'2017-10-30 16:37:35','2017-10-30 16:37:35'),(177,'Thái Bình + Skyred vs Bibi Club + Vane_Love C3.2','https://www.youtube.com/embed/jiOb2EVNttE?theme=light&autoplay=1&vq=hd720&version=3&hl=vi_VN&rel=0&showinfo=0','Game',30,2,'2017-10-30 16:37:35','2017-10-30 16:37:35'),(178,'Thái Bình + Skyred vs Bibi Club + Vane_Love C3.1','https://www.youtube.com/embed/lGimHUisJv0?theme=light&autoplay=1&vq=hd720&version=3&hl=vi_VN&rel=0&showinfo=0','Game',30,1,'2017-10-30 16:37:35','2017-10-30 16:37:35'),(179,'Thái Bình + Skyred vs Bibi Club + Vane_Love C2.5','https://www.youtube.com/embed/RBLaAWxKXVU?theme=light&autoplay=1&vq=hd720&version=3&hl=vi_VN&rel=0&showinfo=0','Game',31,5,'2017-10-30 16:37:35','2017-10-30 16:37:35'),(180,'Thái Bình + Skyred vs Bibi Club + Vane_Love C2.4','https://www.youtube.com/embed/xvcyUmsgSrc?theme=light&autoplay=1&vq=hd720&version=3&hl=vi_VN&rel=0&showinfo=0','Game',31,4,'2017-10-30 16:37:35','2017-10-30 16:37:35'),(181,'Thái Bình + Skyred vs Bibi Club + Vane_Love C2.3','https://www.youtube.com/embed/4ilibuEWWF0?theme=light&autoplay=1&vq=hd720&version=3&hl=vi_VN&rel=0&showinfo=0','Game',31,3,'2017-10-30 16:37:35','2017-10-30 16:37:35'),(182,'Thái Bình + Skyred vs Bibi Club + Vane_Love C2.2','https://www.youtube.com/embed/5vZL5YHvEYo?theme=light&autoplay=1&vq=hd720&version=3&hl=vi_VN&rel=0&showinfo=0','Game',31,2,'2017-10-30 16:37:35','2017-10-30 16:37:35'),(183,'Thái Bình + Skyred vs Bibi Club + Vane_Love C2.1','https://www.youtube.com/embed/qytBrpPSYQ4?theme=light&autoplay=1&vq=hd720&version=3&hl=vi_VN&rel=0&showinfo=0','Game',31,1,'2017-10-30 16:37:35','2017-10-30 16:37:35'),(184,'Thái Bình + Skyred vs Bibi Club + Vane_Love C1.5','https://www.youtube.com/embed/GVVYOiuJ1cw?theme=light&autoplay=1&vq=hd720&version=3&hl=vi_VN&rel=0&showinfo=0','Game',32,5,'2017-10-30 16:37:35','2017-10-30 16:37:35'),(185,'Thái Bình + Skyred vs Bibi Club + Vane_Love C1.4','https://www.youtube.com/embed/VQswhDlk7YA?theme=light&autoplay=1&vq=hd720&version=3&hl=vi_VN&rel=0&showinfo=0','Game',32,4,'2017-10-30 16:37:36','2017-10-30 16:37:36'),(186,'Thái Bình + Skyred vs Bibi Club + Vane_Love C1.3','https://www.youtube.com/embed/RWPRLLnsGjs?theme=light&autoplay=1&vq=hd720&version=3&hl=vi_VN&rel=0&showinfo=0','Game',32,3,'2017-10-30 16:37:36','2017-10-30 16:37:36'),(187,'Thái Bình + Skyred vs Bibi Club + Vane_Love C1.1','https://www.youtube.com/embed/ez8brlTkm-8?theme=light&autoplay=1&vq=hd720&version=3&hl=vi_VN&rel=0&showinfo=0','Game',32,1,'2017-10-30 16:37:36','2017-10-30 16:37:36'),(188,'Chim Sẻ bị Lê Văn Long phế truất ngôi vị người điều K hay nhất Việt Nam','https://www.youtube.com/embed/doSSzjg8iyY?theme=light&autoplay=1&vq=hd720&version=3&hl=vi_VN&rel=0&showinfo=0','Article',15,0,'2017-10-30 16:37:36','2017-10-30 16:37:36'),(189,'Hehe, Meo Meo vs Vane_Love, Tễu C5.5','https://www.youtube.com/embed/nY6WZifpf4k?theme=light&autoplay=1&vq=hd720&version=3&hl=vi_VN&rel=0&showinfo=0','Game',33,5,'2017-10-30 16:37:36','2017-10-30 16:37:36'),(190,'Hehe, Meo Meo vs Vane_Love, Tễu C5.4','https://www.youtube.com/embed/8Cr-lSudVwU?theme=light&autoplay=1&vq=hd720&version=3&hl=vi_VN&rel=0&showinfo=0','Game',33,4,'2017-10-30 16:37:36','2017-10-30 16:37:36'),(191,'Hehe, Meo Meo vs Vane_Love, Tễu C5.2','https://www.youtube.com/embed/reGbjlwHvIg?theme=light&autoplay=1&vq=hd720&version=3&hl=vi_VN&rel=0&showinfo=0','Game',33,2,'2017-10-30 16:37:36','2017-10-30 16:37:36'),(192,'Hehe, Meo Meo vs Vane_Love, Tễu C5.1','https://www.youtube.com/embed/6pPEnA05GFg?theme=light&autoplay=1&vq=hd720&version=3&hl=vi_VN&rel=0&showinfo=0','Game',33,1,'2017-10-30 16:37:37','2017-10-30 16:37:37'),(193,'Hehe, Meo Meo vs Vane_Love, Tễu C4.5','https://www.youtube.com/embed/d7q7SvtQqHg?theme=light&autoplay=1&vq=hd720&version=3&hl=vi_VN&rel=0&showinfo=0','Game',34,5,'2017-10-30 16:38:12','2017-10-30 16:38:12'),(194,'Hehe, Meo Meo vs Vane_Love, Tễu C4.4','https://www.youtube.com/embed/FpY07E65VqM?theme=light&autoplay=1&vq=hd720&version=3&hl=vi_VN&rel=0&showinfo=0','Game',34,4,'2017-10-30 16:38:13','2017-10-30 16:38:13'),(195,'Hehe, Meo Meo vs Vane_Love, Tễu C4.3','https://www.youtube.com/embed/goozEIXnFbs?theme=light&autoplay=1&vq=hd720&version=3&hl=vi_VN&rel=0&showinfo=0','Game',34,3,'2017-10-30 16:38:13','2017-10-30 16:38:13'),(196,'Hehe, Meo Meo vs Vane_Love, Tễu C4.2','https://www.youtube.com/embed/_jCJTSlzxXs?theme=light&autoplay=1&vq=hd720&version=3&hl=vi_VN&rel=0&showinfo=0','Game',34,2,'2017-10-30 16:38:13','2017-10-30 16:38:13'),(197,'Hehe, Meo Meo vs Vane_Love, Tễu C4.1','https://www.youtube.com/embed/EU34BF9yPzY?theme=light&autoplay=1&vq=hd720&version=3&hl=vi_VN&rel=0&showinfo=0','Game',34,1,'2017-10-30 16:38:13','2017-10-30 16:38:13'),(198,'Hehe, Meo Meo vs Vane_Love, Tễu C3.5','https://www.youtube.com/embed/MmpwM5ym-5M?theme=light&autoplay=1&vq=hd720&version=3&hl=vi_VN&rel=0&showinfo=0','Game',35,5,'2017-10-30 16:38:13','2017-10-30 16:38:13'),(199,'Hehe, Meo Meo vs Vane_Love, Tễu C3.4','https://www.youtube.com/embed/koBnZ52zzX4?theme=light&autoplay=1&vq=hd720&version=3&hl=vi_VN&rel=0&showinfo=0','Game',35,4,'2017-10-30 16:38:14','2017-10-30 16:38:14'),(200,'Hehe, Meo Meo vs Vane_Love, Tễu C3.3','https://www.youtube.com/embed/xEd6n1qRWws?theme=light&autoplay=1&vq=hd720&version=3&hl=vi_VN&rel=0&showinfo=0','Game',35,3,'2017-10-30 16:38:14','2017-10-30 16:38:14'),(201,'Hehe, Meo Meo vs Vane_Love, Tễu C3.2','https://www.youtube.com/embed/i6ixKUYteIY?theme=light&autoplay=1&vq=hd720&version=3&hl=vi_VN&rel=0&showinfo=0','Game',35,2,'2017-10-30 16:38:14','2017-10-30 16:38:14'),(202,'Hehe, Meo Meo vs Vane_Love, Tễu C3.1','https://www.youtube.com/embed/wK3Tvd6I_zo?theme=light&autoplay=1&vq=hd720&version=3&hl=vi_VN&rel=0&showinfo=0','Game',35,1,'2017-10-30 16:38:14','2017-10-30 16:38:14'),(203,'Hehe, Meo Meo vs Vane_Love, Tễu C2.4','https://www.youtube.com/embed/LjxcUrmUFsk?theme=light&autoplay=1&vq=hd720&version=3&hl=vi_VN&rel=0&showinfo=0','Game',36,4,'2017-10-30 16:38:14','2017-10-30 16:38:14'),(204,'Hehe, Meo Meo vs Vane_Love, Tễu C2.3','https://www.youtube.com/embed/NXVBu2_WScY?theme=light&autoplay=1&vq=hd720&version=3&hl=vi_VN&rel=0&showinfo=0','Game',36,3,'2017-10-30 16:38:14','2017-10-30 16:38:14'),(205,'Hehe, Meo Meo vs Vane_Love, Tễu C2.2','https://www.youtube.com/embed/TDxFMw8NiBY?theme=light&autoplay=1&vq=hd720&version=3&hl=vi_VN&rel=0&showinfo=0','Game',36,2,'2017-10-30 16:38:14','2017-10-30 16:38:14'),(206,'Hehe, Meo Meo vs Vane_Love, Tễu C2.1','https://www.youtube.com/embed/yV8M5pOxTqM?theme=light&autoplay=1&vq=hd720&version=3&hl=vi_VN&rel=0&showinfo=0','Game',36,1,'2017-10-30 16:38:14','2017-10-30 16:38:14'),(207,'Hehe, Meo Meo vs Vane_Love, Tễu C1.1','https://www.youtube.com/embed/FB5HlqkG7JE?theme=light&autoplay=1&vq=hd720&version=3&hl=vi_VN&rel=0&showinfo=0','Game',37,1,'2017-10-30 16:38:15','2017-10-30 16:38:15'),(208,'Hehe, Meo Meo vs Vane_Love, Tễu C1.5','https://www.youtube.com/embed/DdxE6_rxgj0?theme=light&autoplay=1&vq=hd720&version=3&hl=vi_VN&rel=0&showinfo=0','Game',37,5,'2017-10-30 16:38:15','2017-10-30 16:38:15'),(209,'Hehe, Meo Meo vs Vane_Love, Tễu C1.4','https://www.youtube.com/embed/rco2frZNe6o?theme=light&autoplay=1&vq=hd720&version=3&hl=vi_VN&rel=0&showinfo=0','Game',37,4,'2017-10-30 16:38:15','2017-10-30 16:38:15'),(210,'Hehe, Meo Meo vs Vane_Love, Tễu C1.3','https://www.youtube.com/embed/YwlJaypuMA0?theme=light&autoplay=1&vq=hd720&version=3&hl=vi_VN&rel=0&showinfo=0','Game',37,3,'2017-10-30 16:38:15','2017-10-30 16:38:15'),(211,'Hehe, Meo Meo vs Vane_Love, Tễu C1.2','https://www.youtube.com/embed/rHlcz7mlOiA?theme=light&autoplay=1&vq=hd720&version=3&hl=vi_VN&rel=0&showinfo=0','Game',37,2,'2017-10-30 16:38:15','2017-10-30 16:38:15'),(212,'Vane_Love, Tễu vs Hehe, Meo Meo C5.5','https://www.youtube.com/embed/zgbk_82rsOI?theme=light&autoplay=1&vq=hd720&version=3&hl=vi_VN&rel=0&showinfo=0','Game',38,5,'2017-10-30 16:38:16','2017-10-30 16:38:16'),(213,'Vane_Love, Tễu vs Hehe, Meo Meo C5.4','https://www.youtube.com/embed/OpAAIliLMOc?theme=light&autoplay=1&vq=hd720&version=3&hl=vi_VN&rel=0&showinfo=0','Game',38,4,'2017-10-30 16:38:16','2017-10-30 16:38:16'),(214,'Vane_Love, Tễu vs Hehe, Meo Meo C5.3','https://www.youtube.com/embed/e5YJmK7zpKE?theme=light&autoplay=1&vq=hd720&version=3&hl=vi_VN&rel=0&showinfo=0','Game',38,3,'2017-10-30 16:38:16','2017-10-30 16:38:16'),(215,'Vane_Love, Tễu vs Hehe, Meo Meo C5.2','https://www.youtube.com/embed/UsT_xQSnSzw?theme=light&autoplay=1&vq=hd720&version=3&hl=vi_VN&rel=0&showinfo=0','Game',38,2,'2017-10-30 16:38:16','2017-10-30 16:38:16'),(216,'Vane_Love, Tễu vs Hehe, Meo Meo C5.1','https://www.youtube.com/embed/0JPuoDTQLEk?theme=light&autoplay=1&vq=hd720&version=3&hl=vi_VN&rel=0&showinfo=0','Game',38,1,'2017-10-30 16:38:16','2017-10-30 16:38:16'),(217,'Vane_Love, Tễu vs Hehe, Meo Meo C4.5','https://www.youtube.com/embed/OWDzGUzwQfQ?theme=light&autoplay=1&vq=hd720&version=3&hl=vi_VN&rel=0&showinfo=0','Game',39,5,'2017-10-30 16:38:16','2017-10-30 16:38:16'),(218,'Vane_Love, Tễu vs Hehe, Meo Meo C4.4','https://www.youtube.com/embed/F--7pJIJoMU?theme=light&autoplay=1&vq=hd720&version=3&hl=vi_VN&rel=0&showinfo=0','Game',39,4,'2017-10-30 16:38:16','2017-10-30 16:38:16'),(219,'Vane_Love, Tễu vs Hehe, Meo Meo C4.3','https://www.youtube.com/embed/VAPhlDYz1lY?theme=light&autoplay=1&vq=hd720&version=3&hl=vi_VN&rel=0&showinfo=0','Game',39,3,'2017-10-30 16:38:16','2017-10-30 16:38:16'),(220,'Vane_Love, Tễu vs Hehe, Meo Meo C4.2','https://www.youtube.com/embed/9hIkBRJXHVM?theme=light&autoplay=1&vq=hd720&version=3&hl=vi_VN&rel=0&showinfo=0','Game',39,2,'2017-10-30 16:38:16','2017-10-30 16:38:16'),(221,'Vane_Love, Tễu vs Hehe, Meo Meo C4.1','https://www.youtube.com/embed/4Ka1hlJ80pE?theme=light&autoplay=1&vq=hd720&version=3&hl=vi_VN&rel=0&showinfo=0','Game',39,1,'2017-10-30 16:38:17','2017-10-30 16:38:17'),(222,'Vane_Love, Tễu vs Hehe, Meo Meo C3.5','https://www.youtube.com/embed/jU3vnQ7nJnY?theme=light&autoplay=1&vq=hd720&version=3&hl=vi_VN&rel=0&showinfo=0','Game',40,5,'2017-10-30 16:38:17','2017-10-30 16:38:17'),(223,'Vane_Love, Tễu vs Hehe, Meo Meo C3.4','https://www.youtube.com/embed/s3hep2N2JRk?theme=light&autoplay=1&vq=hd720&version=3&hl=vi_VN&rel=0&showinfo=0','Game',40,4,'2017-10-30 16:38:17','2017-10-30 16:38:17'),(224,'Vane_Love, Tễu vs Hehe, Meo Meo C3.3','https://www.youtube.com/embed/bZios2Yritw?theme=light&autoplay=1&vq=hd720&version=3&hl=vi_VN&rel=0&showinfo=0','Game',40,3,'2017-10-30 16:38:17','2017-10-30 16:38:17'),(225,'Vane_Love, Tễu vs Hehe, Meo Meo C3.2','https://www.youtube.com/embed/kwJ--t1bKM4?theme=light&autoplay=1&vq=hd720&version=3&hl=vi_VN&rel=0&showinfo=0','Game',40,2,'2017-10-30 16:38:17','2017-10-30 16:38:17'),(226,'Vane_Love, Tễu vs Hehe, Meo Meo C3.1','https://www.youtube.com/embed/4G-ToBKZM5I?theme=light&autoplay=1&vq=hd720&version=3&hl=vi_VN&rel=0&showinfo=0','Game',40,1,'2017-10-30 16:38:17','2017-10-30 16:38:17'),(227,'Vane_Love, Tễu vs Hehe, Meo Meo C2.5','https://www.youtube.com/embed/WJvuNX06ETw?theme=light&autoplay=1&vq=hd720&version=3&hl=vi_VN&rel=0&showinfo=0','Game',41,5,'2017-10-30 16:38:17','2017-10-30 16:38:17'),(228,'Vane_Love, Tễu vs Hehe, Meo Meo C2.4','https://www.youtube.com/embed/r5YuGCnuQC8?theme=light&autoplay=1&vq=hd720&version=3&hl=vi_VN&rel=0&showinfo=0','Game',41,4,'2017-10-30 16:38:17','2017-10-30 16:38:17'),(229,'Vane_Love, Tễu vs Hehe, Meo Meo C2.3','https://www.youtube.com/embed/P0UGdR_9488?theme=light&autoplay=1&vq=hd720&version=3&hl=vi_VN&rel=0&showinfo=0','Game',41,3,'2017-10-30 16:38:18','2017-10-30 16:38:18'),(230,'Vane_Love, Tễu vs Hehe, Meo Meo C2.2','https://www.youtube.com/embed/_8RXUu5LLro?theme=light&autoplay=1&vq=hd720&version=3&hl=vi_VN&rel=0&showinfo=0','Game',41,2,'2017-10-30 16:38:18','2017-10-30 16:38:18'),(231,'Vane_Love, Tễu vs Hehe, Meo Meo C2.1','https://www.youtube.com/embed/XjieZi73Xrk?theme=light&autoplay=1&vq=hd720&version=3&hl=vi_VN&rel=0&showinfo=0','Game',41,1,'2017-10-30 16:38:18','2017-10-30 16:38:18'),(232,'Vane_Love, Tễu vs Hehe, Meo Meo C1.5','https://www.youtube.com/embed/TWSvXB19L2s?theme=light&autoplay=1&vq=hd720&version=3&hl=vi_VN&rel=0&showinfo=0','Game',42,5,'2017-10-30 16:38:18','2017-10-30 16:38:18'),(233,'Vane_Love, Tễu vs Hehe, Meo Meo C1.4','https://www.youtube.com/embed/aESNaLcEnPM?theme=light&autoplay=1&vq=hd720&version=3&hl=vi_VN&rel=0&showinfo=0','Game',42,4,'2017-10-30 16:38:18','2017-10-30 16:38:18'),(234,'Vane_Love, Tễu vs Hehe, Meo Meo C1.2','https://www.youtube.com/embed/rf_bziq6JDQ?theme=light&autoplay=1&vq=hd720&version=3&hl=vi_VN&rel=0&showinfo=0','Game',42,2,'2017-10-30 16:38:18','2017-10-30 16:38:18'),(235,'Thái Bình + Skyred vs Bibi Club C5.5','https://www.youtube.com/embed/fUNFNIJl1ns?theme=light&autoplay=1&vq=hd720&version=3&hl=vi_VN&rel=0&showinfo=0','Game',43,5,'2017-10-30 16:38:18','2017-10-30 16:38:18'),(236,'Thái Bình + Skyred vs Bibi Club C5.4','https://www.youtube.com/embed/xXg8PTmIec0?theme=light&autoplay=1&vq=hd720&version=3&hl=vi_VN&rel=0&showinfo=0','Game',43,4,'2017-10-30 16:38:18','2017-10-30 16:38:18'),(237,'Thái Bình + Skyred vs Bibi Club C5.3','https://www.youtube.com/embed/NAdwTDsIbPU?theme=light&autoplay=1&vq=hd720&version=3&hl=vi_VN&rel=0&showinfo=0','Game',43,3,'2017-10-30 16:38:19','2017-10-30 16:38:19'),(238,'Thái Bình + Skyred vs Bibi Club C5.2','https://www.youtube.com/embed/GmX9LeRHU3A?theme=light&autoplay=1&vq=hd720&version=3&hl=vi_VN&rel=0&showinfo=0','Game',43,2,'2017-10-30 16:38:19','2017-10-30 16:38:19'),(239,'Thái Bình + Skyred vs Bibi Club C5.1','https://www.youtube.com/embed/qQB3WBHXjoc?theme=light&autoplay=1&vq=hd720&version=3&hl=vi_VN&rel=0&showinfo=0','Game',43,1,'2017-10-30 16:38:19','2017-10-30 16:38:19'),(240,'Thái Bình + Skyred vs Bibi Club C4.4','https://www.youtube.com/embed/p2nCGTbLlfY?theme=light&autoplay=1&vq=hd720&version=3&hl=vi_VN&rel=0&showinfo=0','Game',44,4,'2017-10-30 16:38:19','2017-10-30 16:38:19'),(241,'Thái Bình + Skyred vs Bibi Club C4.3','https://www.youtube.com/embed/qwBqIolPE_w?theme=light&autoplay=1&vq=hd720&version=3&hl=vi_VN&rel=0&showinfo=0','Game',44,3,'2017-10-30 16:38:19','2017-10-30 16:38:19'),(242,'Thái Bình + Skyred vs Bibi Club C4.2','https://www.youtube.com/embed/ZcKQrkdPhgU?theme=light&autoplay=1&vq=hd720&version=3&hl=vi_VN&rel=0&showinfo=0','Game',44,2,'2017-10-30 16:38:19','2017-10-30 16:38:19'),(243,'Thái Bình + Skyred vs Bibi Club C4.1','https://www.youtube.com/embed/J4f0Roy3ztg?theme=light&autoplay=1&vq=hd720&version=3&hl=vi_VN&rel=0&showinfo=0','Game',44,1,'2017-10-30 16:38:19','2017-10-30 16:38:19'),(244,'Thái Bình + Skyred vs Bibi Club C3.3','https://www.youtube.com/embed/ASf5yCyidmk?theme=light&autoplay=1&vq=hd720&version=3&hl=vi_VN&rel=0&showinfo=0','Game',45,3,'2017-10-30 16:38:19','2017-10-30 16:38:19'),(245,'Thái Bình + Skyred vs Bibi Club C3.2','https://www.youtube.com/embed/4gFkwqtqohQ?theme=light&autoplay=1&vq=hd720&version=3&hl=vi_VN&rel=0&showinfo=0','Game',45,2,'2017-10-30 16:38:19','2017-10-30 16:38:19'),(246,'Thái Bình + Skyred vs Bibi Club C3.1','https://www.youtube.com/embed/1vA2fm0F2gs?theme=light&autoplay=1&vq=hd720&version=3&hl=vi_VN&rel=0&showinfo=0','Game',45,1,'2017-10-30 16:38:20','2017-10-30 16:38:20'),(247,'Thái Bình + Skyred vs Bibi Club C2.5','https://www.youtube.com/embed/iF8FhHFz7j0?theme=light&autoplay=1&vq=hd720&version=3&hl=vi_VN&rel=0&showinfo=0','Game',46,5,'2017-10-30 16:38:20','2017-10-30 16:38:20'),(248,'Thái Bình + Skyred vs Bibi Club C2.4','https://www.youtube.com/embed/36cnU16rSdc?theme=light&autoplay=1&vq=hd720&version=3&hl=vi_VN&rel=0&showinfo=0','Game',46,4,'2017-10-30 16:38:20','2017-10-30 16:38:20'),(249,'Thái Bình + Skyred vs Bibi Club C2.3','https://www.youtube.com/embed/lvIMuZLbSkU?theme=light&autoplay=1&vq=hd720&version=3&hl=vi_VN&rel=0&showinfo=0','Game',46,3,'2017-10-30 16:38:20','2017-10-30 16:38:20'),(250,'Thái Bình + Skyred vs Bibi Club C2.2','https://www.youtube.com/embed/XnMzLE8jkCs?theme=light&autoplay=1&vq=hd720&version=3&hl=vi_VN&rel=0&showinfo=0','Game',46,2,'2017-10-30 16:38:20','2017-10-30 16:38:20'),(251,'Thái Bình + Skyred vs Bibi Club C1.4','https://www.youtube.com/embed/onKXPQ6XUeQ?theme=light&autoplay=1&vq=hd720&version=3&hl=vi_VN&rel=0&showinfo=0','Game',47,4,'2017-10-30 16:38:20','2017-10-30 16:38:20'),(252,'Thái Bình + Skyred vs Bibi Club C1.3','https://www.youtube.com/embed/peNCDuG7bQw?theme=light&autoplay=1&vq=hd720&version=3&hl=vi_VN&rel=0&showinfo=0','Game',47,3,'2017-10-30 16:38:20','2017-10-30 16:38:20'),(253,'Thái Bình + Skyred vs Bibi Club C1.2','https://www.youtube.com/embed/CSldjJWICns?theme=light&autoplay=1&vq=hd720&version=3&hl=vi_VN&rel=0&showinfo=0','Game',47,2,'2017-10-30 16:38:20','2017-10-30 16:38:20'),(254,'Thái Bình + Skyred vs Bibi Club C1.1','https://www.youtube.com/embed/-EnW3O12dY4?theme=light&autoplay=1&vq=hd720&version=3&hl=vi_VN&rel=0&showinfo=0','Game',47,1,'2017-10-30 16:38:21','2017-10-30 16:38:21'),(255,'Bibi Club vs Thái Bình + Skyred C5.5','https://www.youtube.com/embed/Y5TwvguuqEY?theme=light&autoplay=1&vq=hd720&version=3&hl=vi_VN&rel=0&showinfo=0','Game',48,5,'2017-10-30 16:38:21','2017-10-30 16:38:21'),(256,'Bibi Club vs Thái Bình + Skyred C5.4','https://www.youtube.com/embed/1YUoZ1A5HWI?theme=light&autoplay=1&vq=hd720&version=3&hl=vi_VN&rel=0&showinfo=0','Game',48,4,'2017-10-30 16:38:21','2017-10-30 16:38:21'),(257,'Bibi Club vs Thái Bình + Skyred C5.3','https://www.youtube.com/embed/ZXo-2X8vVTE?theme=light&autoplay=1&vq=hd720&version=3&hl=vi_VN&rel=0&showinfo=0','Game',48,3,'2017-10-30 16:38:21','2017-10-30 16:38:21'),(258,'Bibi Club vs Thái Bình + Skyred C5.2','https://www.youtube.com/embed/yQzG4w19TqM?theme=light&autoplay=1&vq=hd720&version=3&hl=vi_VN&rel=0&showinfo=0','Game',48,2,'2017-10-30 16:38:21','2017-10-30 16:38:21'),(259,'Bibi Club vs Thái Bình + Skyred C5.1','https://www.youtube.com/embed/hMbbgEcLVEM?theme=light&autoplay=1&vq=hd720&version=3&hl=vi_VN&rel=0&showinfo=0','Game',48,1,'2017-10-30 16:38:21','2017-10-30 16:38:21'),(260,'Bibi Club vs Thái Bình + Skyred C4.4','https://www.youtube.com/embed/QXcn5ThWna4?theme=light&autoplay=1&vq=hd720&version=3&hl=vi_VN&rel=0&showinfo=0','Game',49,4,'2017-10-30 16:38:21','2017-10-30 16:38:21'),(261,'Bibi Club vs Thái Bình + Skyred C4.3','https://www.youtube.com/embed/ujc9-qg47Gs?theme=light&autoplay=1&vq=hd720&version=3&hl=vi_VN&rel=0&showinfo=0','Game',49,3,'2017-10-30 16:38:22','2017-10-30 16:38:22'),(262,'Bibi Club vs Thái Bình + Skyred C4.1 + C4.2','https://www.youtube.com/embed/MfhPX7izz3U?theme=light&autoplay=1&vq=hd720&version=3&hl=vi_VN&rel=0&showinfo=0','Game',49,2,'2017-10-30 16:38:22','2017-10-30 16:38:22'),(263,'Bibi Club vs Thái Bình + Skyred C3.3','https://www.youtube.com/embed/LBvG-yi-Dfw?theme=light&autoplay=1&vq=hd720&version=3&hl=vi_VN&rel=0&showinfo=0','Game',50,3,'2017-10-30 16:38:22','2017-10-30 16:38:22'),(264,'Bibi Club vs Thái Bình + Skyred C3.2','https://www.youtube.com/embed/TCf9TFTFdHk?theme=light&autoplay=1&vq=hd720&version=3&hl=vi_VN&rel=0&showinfo=0','Game',50,2,'2017-10-30 16:38:22','2017-10-30 16:38:22'),(265,'Bibi Club vs Thái Bình + Skyred C3.1','https://www.youtube.com/embed/Fwml22rLHcs?theme=light&autoplay=1&vq=hd720&version=3&hl=vi_VN&rel=0&showinfo=0','Game',50,1,'2017-10-30 16:38:22','2017-10-30 16:38:22'),(266,'Bibi Club vs Thái Bình + Skyred C2.5','https://www.youtube.com/embed/zxq4FJZJNPQ?theme=light&autoplay=1&vq=hd720&version=3&hl=vi_VN&rel=0&showinfo=0','Game',51,5,'2017-10-30 16:38:22','2017-10-30 16:38:22'),(267,'Bibi Club vs Thái Bình + Skyred C2.4','https://www.youtube.com/embed/J90PJGkPl8U?theme=light&autoplay=1&vq=hd720&version=3&hl=vi_VN&rel=0&showinfo=0','Game',51,4,'2017-10-30 16:38:22','2017-10-30 16:38:22'),(268,'Bibi Club vs Thái Bình + Skyred C2.3','https://www.youtube.com/embed/hfIuNRoPRaA?theme=light&autoplay=1&vq=hd720&version=3&hl=vi_VN&rel=0&showinfo=0','Game',51,3,'2017-10-30 16:38:22','2017-10-30 16:38:22'),(269,'Bibi Club vs Thái Bình + Skyred C2.2','https://www.youtube.com/embed/UirVV2Qy62A?theme=light&autoplay=1&vq=hd720&version=3&hl=vi_VN&rel=0&showinfo=0','Game',51,2,'2017-10-30 16:38:22','2017-10-30 16:38:22'),(270,'Bibi Club vs Thái Bình + Skyred C2.1','https://www.youtube.com/embed/UirVV2Qy62A?theme=light&autoplay=1&vq=hd720&version=3&hl=vi_VN&rel=0&showinfo=0','Game',51,1,'2017-10-30 16:38:23','2017-10-30 16:38:23'),(271,'Bibi Club vs Thái Bình + Skyred C1.4','https://www.youtube.com/embed/awu1i8YprgY?theme=light&autoplay=1&vq=hd720&version=3&hl=vi_VN&rel=0&showinfo=0','Game',52,4,'2017-10-30 16:38:23','2017-10-30 16:38:23'),(272,'Bibi Club vs Thái Bình + Skyred C1.3','https://www.youtube.com/embed/J0LR-_Tj9cA?theme=light&autoplay=1&vq=hd720&version=3&hl=vi_VN&rel=0&showinfo=0','Game',52,3,'2017-10-30 16:38:23','2017-10-30 16:38:23'),(273,'Bibi Club vs Thái Bình + Skyred C1.2','https://www.youtube.com/embed/X2elpvWriPk?theme=light&autoplay=1&vq=hd720&version=3&hl=vi_VN&rel=0&showinfo=0','Game',52,2,'2017-10-30 16:38:23','2017-10-30 16:38:23'),(274,'Bibi Club vs Thái Bình + Skyred C1.1','https://www.youtube.com/embed/NLtiPgbTjWw?theme=light&autoplay=1&vq=hd720&version=3&hl=vi_VN&rel=0&showinfo=0','Game',52,1,'2017-10-30 16:38:23','2017-10-30 16:38:23'),(275,'Hà Nội vs GameTV C5.4','https://www.youtube.com/embed/KkI_DsYpfD0?theme=light&autoplay=1&vq=hd720&version=3&hl=vi_VN&rel=0&showinfo=0','Game',53,4,'2017-10-30 16:38:23','2017-10-30 16:38:23'),(276,'Hà Nội vs GameTV C5.3','https://www.youtube.com/embed/KkI_DsYpfD0?theme=light&autoplay=1&vq=hd720&version=3&hl=vi_VN&rel=0&showinfo=0','Game',53,3,'2017-10-30 16:38:23','2017-10-30 16:38:23'),(277,'Hà Nội vs GameTV C5.2','https://www.youtube.com/embed/oE8ZTyw2ohU?theme=light&autoplay=1&vq=hd720&version=3&hl=vi_VN&rel=0&showinfo=0','Game',53,2,'2017-10-30 16:38:24','2017-10-30 16:38:24'),(278,'Hà Nội vs GameTV C5.1','https://www.youtube.com/embed/-5qHgrf0yNI?theme=light&autoplay=1&vq=hd720&version=3&hl=vi_VN&rel=0&showinfo=0','Game',53,1,'2017-10-30 16:38:24','2017-10-30 16:38:24'),(279,'Hà Nội vs GameTV C4.3','https://www.youtube.com/embed/b_bqDdlOswg?theme=light&autoplay=1&vq=hd720&version=3&hl=vi_VN&rel=0&showinfo=0','Game',54,3,'2017-10-30 16:38:24','2017-10-30 16:38:24'),(280,'Hà Nội vs GameTV C4.2','https://www.youtube.com/embed/hTRzNh4Gi-4?theme=light&autoplay=1&vq=hd720&version=3&hl=vi_VN&rel=0&showinfo=0','Game',54,2,'2017-10-30 16:38:24','2017-10-30 16:38:24'),(281,'Hà Nội vs GameTV C4.1','https://www.youtube.com/embed/F5PDigb6GLU?theme=light&autoplay=1&vq=hd720&version=3&hl=vi_VN&rel=0&showinfo=0','Game',54,1,'2017-10-30 16:38:24','2017-10-30 16:38:24'),(282,'Hà Nội vs GameTV C3.5','https://www.youtube.com/embed/dhDtBX3Vo18?theme=light&autoplay=1&vq=hd720&version=3&hl=vi_VN&rel=0&showinfo=0','Game',55,5,'2017-10-30 16:38:25','2017-10-30 16:38:25'),(283,'Hà Nội vs GameTV C3.4','https://www.youtube.com/embed/jYyJOTlHXMg?theme=light&autoplay=1&vq=hd720&version=3&hl=vi_VN&rel=0&showinfo=0','Game',55,4,'2017-10-30 16:38:25','2017-10-30 16:38:25'),(284,'Hà Nội vs GameTV C3.3','https://www.youtube.com/embed/TC1Lf_os9OI?theme=light&autoplay=1&vq=hd720&version=3&hl=vi_VN&rel=0&showinfo=0','Game',55,3,'2017-10-30 16:38:25','2017-10-30 16:38:25'),(285,'Hà Nội vs GameTV C3.2','https://www.youtube.com/embed/jxwpngNBcU4?theme=light&autoplay=1&vq=hd720&version=3&hl=vi_VN&rel=0&showinfo=0','Game',55,2,'2017-10-30 16:38:25','2017-10-30 16:38:25'),(286,'Hà Nội vs GameTV C3.1','https://www.youtube.com/embed/gU_yIydMJYY?theme=light&autoplay=1&vq=hd720&version=3&hl=vi_VN&rel=0&showinfo=0','Game',55,1,'2017-10-30 16:38:25','2017-10-30 16:38:25'),(287,'Hà Nội vs GameTV C2.5','https://www.youtube.com/embed/O33YmiGLKo4?theme=light&autoplay=1&vq=hd720&version=3&hl=vi_VN&rel=0&showinfo=0','Game',56,5,'2017-10-30 16:38:25','2017-10-30 16:38:25'),(288,'Hà Nội vs GameTV C2.4','https://www.youtube.com/embed/oI6Hf4M0qiU?theme=light&autoplay=1&vq=hd720&version=3&hl=vi_VN&rel=0&showinfo=0','Game',56,4,'2017-10-30 16:38:25','2017-10-30 16:38:25'),(289,'Hà Nội vs GameTV C2.3','https://www.youtube.com/embed/nPULjtDPP6A?theme=light&autoplay=1&vq=hd720&version=3&hl=vi_VN&rel=0&showinfo=0','Game',56,3,'2017-10-30 16:38:25','2017-10-30 16:38:25'),(290,'Hà Nội vs GameTV C2.2','https://www.youtube.com/embed/aadpsvyskDc?theme=light&autoplay=1&vq=hd720&version=3&hl=vi_VN&rel=0&showinfo=0','Game',56,2,'2017-10-30 16:38:26','2017-10-30 16:38:26'),(291,'Hà Nội vs GameTV C2.1','https://www.youtube.com/embed/clytAxXG9Bo?theme=light&autoplay=1&vq=hd720&version=3&hl=vi_VN&rel=0&showinfo=0','Game',56,1,'2017-10-30 16:38:26','2017-10-30 16:38:26'),(292,'Hà Nội vs GameTV C1.4','https://www.youtube.com/embed/TjiTQHbUG4o?theme=light&autoplay=1&vq=hd720&version=3&hl=vi_VN&rel=0&showinfo=0','Game',57,4,'2017-10-30 16:38:26','2017-10-30 16:38:26'),(293,'Hà Nội vs GameTV C1.3','https://www.youtube.com/embed/hJHAddNVvXQ?theme=light&autoplay=1&vq=hd720&version=3&hl=vi_VN&rel=0&showinfo=0','Game',57,3,'2017-10-30 16:38:26','2017-10-30 16:38:26'),(294,'Hà Nội vs GameTV C1.2','https://www.youtube.com/embed/5nwKepXzD-k?theme=light&autoplay=1&vq=hd720&version=3&hl=vi_VN&rel=0&showinfo=0','Game',57,2,'2017-10-30 16:38:26','2017-10-30 16:38:26'),(295,'Hà Nội vs GameTV C1.1','https://www.youtube.com/embed/Aehc6cwb45c?theme=light&autoplay=1&vq=hd720&version=3&hl=vi_VN&rel=0&showinfo=0','Game',57,1,'2017-10-30 16:38:26','2017-10-30 16:38:26'),(296,'GameTV vs Hà Nội C5.4','https://www.youtube.com/embed/j40pVZKkWog?theme=light&autoplay=1&vq=hd720&version=3&hl=vi_VN&rel=0&showinfo=0','Game',58,4,'2017-10-30 16:38:26','2017-10-30 16:38:26'),(297,'GameTV vs Hà Nội C5.3','https://www.youtube.com/embed/nICG1Mvi_vQ?theme=light&autoplay=1&vq=hd720&version=3&hl=vi_VN&rel=0&showinfo=0','Game',58,3,'2017-10-30 16:38:27','2017-10-30 16:38:27'),(298,'GameTV vs Hà Nội C5.2','https://www.youtube.com/embed/VV70HN3DD9A?theme=light&autoplay=1&vq=hd720&version=3&hl=vi_VN&rel=0&showinfo=0','Game',58,2,'2017-10-30 16:38:27','2017-10-30 16:38:27'),(299,'GameTV vs Hà Nội C5.1','https://www.youtube.com/embed/s35swaejV2Q?theme=light&autoplay=1&vq=hd720&version=3&hl=vi_VN&rel=0&showinfo=0','Game',58,1,'2017-10-30 16:38:27','2017-10-30 16:38:27'),(300,'GameTV vs Hà Nội C4.3','https://www.youtube.com/embed/GpI6T3tqO9k?theme=light&autoplay=1&vq=hd720&version=3&hl=vi_VN&rel=0&showinfo=0','Game',59,3,'2017-10-30 16:38:27','2017-10-30 16:38:27'),(301,'GameTV vs Hà Nội C4.2','https://www.youtube.com/embed/SrQz4w5mcgg?theme=light&autoplay=1&vq=hd720&version=3&hl=vi_VN&rel=0&showinfo=0','Game',59,2,'2017-10-30 16:38:27','2017-10-30 16:38:27'),(302,'GameTV vs Hà Nội C4.1','https://www.youtube.com/embed/WINd1kzFGXY?theme=light&autoplay=1&vq=hd720&version=3&hl=vi_VN&rel=0&showinfo=0','Game',59,1,'2017-10-30 16:38:27','2017-10-30 16:38:27'),(303,'GameTV vs Hà Nội C3.5','https://www.youtube.com/embed/-f9EuHww1DY?theme=light&autoplay=1&vq=hd720&version=3&hl=vi_VN&rel=0&showinfo=0','Game',60,5,'2017-10-30 16:38:27','2017-10-30 16:38:27'),(304,'GameTV vs Hà Nội C3.4','https://www.youtube.com/embed/ebFC3psXMBQ?theme=light&autoplay=1&vq=hd720&version=3&hl=vi_VN&rel=0&showinfo=0','Game',60,4,'2017-10-30 16:38:27','2017-10-30 16:38:27'),(305,'GameTV vs Hà Nội C3.3','https://www.youtube.com/embed/ELZA3ovIlIs?theme=light&autoplay=1&vq=hd720&version=3&hl=vi_VN&rel=0&showinfo=0','Game',60,3,'2017-10-30 16:38:28','2017-10-30 16:38:28'),(306,'GameTV vs Hà Nội C3.2','https://www.youtube.com/embed/vxgpEopfOCc?theme=light&autoplay=1&vq=hd720&version=3&hl=vi_VN&rel=0&showinfo=0','Game',60,2,'2017-10-30 16:38:28','2017-10-30 16:38:28'),(307,'GameTV vs Hà Nội C3.1','https://www.youtube.com/embed/n-dmFdqAo3k?theme=light&autoplay=1&vq=hd720&version=3&hl=vi_VN&rel=0&showinfo=0','Game',60,1,'2017-10-30 16:38:28','2017-10-30 16:38:28'),(308,'GameTV vs Hà Nội C2.5','https://www.youtube.com/embed/qV_mfO4GITE?theme=light&autoplay=1&vq=hd720&version=3&hl=vi_VN&rel=0&showinfo=0','Game',61,5,'2017-10-30 16:38:28','2017-10-30 16:38:28'),(309,'GameTV vs Hà Nội C2.4','https://www.youtube.com/embed/1pTpqiRWygg?theme=light&autoplay=1&vq=hd720&version=3&hl=vi_VN&rel=0&showinfo=0','Game',61,4,'2017-10-30 16:38:28','2017-10-30 16:38:28'),(310,'GameTV vs Hà Nội C2.3','https://www.youtube.com/embed/Nyt7ejsmnco?theme=light&autoplay=1&vq=hd720&version=3&hl=vi_VN&rel=0&showinfo=0','Game',61,3,'2017-10-30 16:38:28','2017-10-30 16:38:28'),(311,'GameTV vs Hà Nội C2.2','https://www.youtube.com/embed/Ol3rXrEG4EU?theme=light&autoplay=1&vq=hd720&version=3&hl=vi_VN&rel=0&showinfo=0','Game',61,2,'2017-10-30 16:38:28','2017-10-30 16:38:28'),(312,'GameTV vs Hà Nội C2.1','https://www.youtube.com/embed/y3_PF-wZLro?theme=light&autoplay=1&vq=hd720&version=3&hl=vi_VN&rel=0&showinfo=0','Game',61,1,'2017-10-30 16:38:28','2017-10-30 16:38:28'),(313,'GameTV vs Hà Nội C1.4','https://www.youtube.com/embed/iiiBNXOnr0I?theme=light&autoplay=1&vq=hd720&version=3&hl=vi_VN&rel=0&showinfo=0','Game',62,4,'2017-10-30 16:38:29','2017-10-30 16:38:29'),(314,'GameTV vs Hà Nội C1.3','https://www.youtube.com/embed/zf4CEU6wYGg?theme=light&autoplay=1&vq=hd720&version=3&hl=vi_VN&rel=0&showinfo=0','Game',62,3,'2017-10-30 16:38:29','2017-10-30 16:38:29'),(315,'GameTV vs Hà Nội C1.2','https://www.youtube.com/embed/5lspyt7aysM?theme=light&autoplay=1&vq=hd720&version=3&hl=vi_VN&rel=0&showinfo=0','Game',62,2,'2017-10-30 16:38:29','2017-10-30 16:38:29'),(316,'GameTV vs Hà Nội C1.1','https://www.youtube.com/embed/vVo887QSY1c?theme=light&autoplay=1&vq=hd720&version=3&hl=vi_VN&rel=0&showinfo=0','Game',62,1,'2017-10-30 16:38:29','2017-10-30 16:38:29');
/*!40000 ALTER TABLE `macths` ENABLE KEYS */;
UNLOCK TABLES;

--
-- Table structure for table `schema_migrations`
--

DROP TABLE IF EXISTS `schema_migrations`;
/*!40101 SET @saved_cs_client     = @@character_set_client */;
/*!40101 SET character_set_client = utf8 */;
CREATE TABLE `schema_migrations` (
  `version` varchar(255) CHARACTER SET utf8 COLLATE utf8_unicode_ci NOT NULL,
  PRIMARY KEY (`version`)
) ENGINE=InnoDB DEFAULT CHARSET=utf8mb4 COLLATE=utf8mb4_unicode_ci;
/*!40101 SET character_set_client = @saved_cs_client */;

--
-- Dumping data for table `schema_migrations`
--

LOCK TABLES `schema_migrations` WRITE;
/*!40000 ALTER TABLE `schema_migrations` DISABLE KEYS */;
INSERT INTO `schema_migrations` VALUES ('20171030071207'),('20171030071514'),('20171030074028');
/*!40000 ALTER TABLE `schema_migrations` ENABLE KEYS */;
UNLOCK TABLES;
/*!40103 SET TIME_ZONE=@OLD_TIME_ZONE */;

/*!40101 SET SQL_MODE=@OLD_SQL_MODE */;
/*!40014 SET FOREIGN_KEY_CHECKS=@OLD_FOREIGN_KEY_CHECKS */;
/*!40014 SET UNIQUE_CHECKS=@OLD_UNIQUE_CHECKS */;
/*!40101 SET CHARACTER_SET_CLIENT=@OLD_CHARACTER_SET_CLIENT */;
/*!40101 SET CHARACTER_SET_RESULTS=@OLD_CHARACTER_SET_RESULTS */;
/*!40101 SET COLLATION_CONNECTION=@OLD_COLLATION_CONNECTION */;
/*!40111 SET SQL_NOTES=@OLD_SQL_NOTES */;

-- Dump completed on 2017-10-30 23:38:51
